45,45,45,45,45,45,45,45,45,45,45,45,45,45,45,45,45,45,45,45,45,45,45,45,45,45,45,45,45,45,45,45,45,45,45,45,45,45,45,45,45,45,45,45,45,45,45,45,45,45,45,45,45,45,45,45,45,45,45,45,45,45,45,45,45,45,45,45,45,45,45,45,45,45,45,45,45,45,45,45,45,45,45,45,45,45,45,45,45,45,45,45,45,45,45,45,45,45,45,45,45,45,45,45,45,45,45,45,45,45,45,45,45,45,45,45,45,45,45,45,45,45,45,45,45,45,45,45,45,45,45,45,45,45,45,45,45,45,45,45,45,45,45,45,45,45,45,45,45,45,45,45,45,45,45,45,45,45,45,45,45,45,45,45,45,45,45,45,45,45,45,45,45,45,45,45,45,45,45,45,45,45,45,45,45,45,45,45,45,45,45,45,45,45,45,45,45,45,45,45
42.833,35.897,43.473,42.719,34.124,44.699,40.253,38.776,37.029,44.117,42.633,42.882,43.518,42.469,40.84,40.648,44.813,35.318,39.49,34.592,39.531,39.217,37.398,39.146,40.311,34.512,41.428,44.804,42.975,44.236,42.666,43.794,39.759,44.578,36.383,38.178,42.01,37.116,34.709,34.572,39.937,43.794,42.554,36.465,43.794,41.841,42.534,35.372,40.076,43.282,42.639,34.459,34.104,43.794,34.884,34.012,42.953,34.611,35.269,35.325,34.854,36.815,36.228,43.728,35.643,37.077,36.372,40.491,41.434,35.103,43.794,43.05,38.662,38.785,44.344,43.225,43.794,43.794,39.65,43.74,43.646,43.794,43.506,38.091,43.761,43.794,42.924,41.475,41.134,43.794,33.836,37.879,39.673,38.607,40.859,36.062,42.751,33.448,43.333,41.358,40.36,35.575,41.566,43.794,41.576,44.582,33.648,35.496,39.434,35.391,40.15,44.477,34.949,35.741,33.679,35.765,44.019,37.156,42.785,42.972,43.794,39.833,43.545,41.596,37.682,44.631,43.794,37.667,44.746,33.91,44.303,34.07,43.755,38.595,36.444,38.671,43.794,40.43,38.602,36.039,43.14,33.841,38.525,40.623,34.627,43.794,43.794,40.163,36.912,34.291,36.857,42.665,34.938,39.086,38.782,36.507,37.973,34.222,39.729,41.822,43.794,40.847,43.794,40.522,42.809,44.243,43.414,39.67,39.528,43.794,35.572,33.756,43.794,33.706,37.815,41.027,38.139,33.421,43.794,38.081,38.219,43.06,38.598,44.201,38.194,39.928,43.794,44.303,42.26,39.415,38.335,43.794,43.794,42.121,33.931,41.211,34.796,40.985,41.993,43.794
36.903,40.981,41.492,43.671,41.409,35.599,35.216,40.673,41.591,44.342,41.507,35.162,34.99,41.982,37.844,32.49,39.746,40.844,32.74,35.806,38.521,33.694,39.023,35.495,33.386,36.29,34.332,43.75,40.561,42.394,35.733,38.456,36.744,36.809,35.575,42.716,35.308,42.479,36.248,42.304,35.383,39.553,36.83,36.699,36.082,37.877,43.794,35.288,43.471,43.577,41.016,33.272,42.382,43.592,40.522,42.618,34.612,39.178,43.738,43.602,36.372,36.705,31.646,43.437,42.445,31.675,40.052,33.839,35.644,42.201,37.455,35.289,31.186,36.658,33.534,36.527,35.788,42.946,40.885,43.794,43.794,43.166,33.336,36.385,39.754,32.52,43.794,37.876,39.81,43.794,40.617,42.04,41.085,43.149,40.796,34.835,35.62,32.941,34.949,41.187,32.483,38.28,40.58,41.086,37.523,35.287,32.472,42.784,40.469,38.067,33.492,38.218,36.659,39.38,36.581,32.883,38.037,42.745,31.858,37.239,37.807,34.428,39.83,39.029,41.725,43.291,39.515,40.778,35.195,43.34,42.06,37.68,40.937,39.863,40.79,31.787,38.923,35.462,33.977,40.707,40.411,34.653,34.777,40.487,32.872,31.685,43.62,38.411,39.553,31.679,38.085,31.712,37.355,33,43.794,42.621,40.342,33.828,38.525,36.165,35.007,41.688,36.084,33.845,31.982,41.079,36.299,35.006,41.795,43.205,32.232,34.007,43.145,34.252,43.287,34.288,40.066,35.099,40.212,39.957,42.882,31.461,36.05,34.322,38.489,37.482,37.607,43.052,34.241,39.395,34.868,33.808,32.526,33.18,38.339,38.414,36.579,38.715,35.736,43.794
42.077,31.54,38.711,34.672,40.914,35.494,33.314,37.83,34.357,34.499,36.889,40.733,41.357,32.827,42.231,42.753,37.118,43.794,42.911,35.174,34.926,39.263,38.782,38.324,32.14,33.925,39.559,40.686,32.128,34.99,35.032,32.982,40.982,41.046,39.237,32.85,42.036,36.648,41.593,34.397,36.073,41.357,32.034,36.644,43.161,43.322,43.794,33.58,35.24,40.457,43.794,41.637,32.012,34.098,34.976,34.812,34.702,36.022,35.158,39.157,41.127,33.14,33.256,42.713,32.36,40.882,42.576,31.976,37.758,33.88,32.199,40.929,34.827,39.145,43.621,33.368,42.153,34.943,36.706,34.049,34.524,32.588,36.514,40.462,33.383,40.93,42.009,41.204,37.742,39.916,33.684,41.747,36.816,39.121,37.459,36.811,43.171,34.879,32.751,39.328,42.828,37.04,42.169,31.709,31.775,38.304,42.382,43.301,31.285,38.321,36.503,33.354,41.895,31.994,39.335,36.143,38.392,36.222,30.679,38.24,41.308,32.492,42.907,42.255,40.912,42.45,33.257,35.268,37.034,35.789,37.189,41.022,40.141,37.493,35.66,41.244,35.688,35.832,42.923,33.311,34.893,35.568,35.025,40.395,37.696,30.351,34.983,39.936,36.183,37.926,34.056,41.437,32.801,36.946,33.965,43.794,34.2,39.244,38.563,37.275,37.273,40.969,39.702,42.732,40.035,40.141,31.615,40.29,34.884,43.794,30.405,34.811,38.058,36.141,36.784,34.037,31.006,38.38,43.794,42.899,42.805,34.222,38.897,32.386,34.079,40.615,37.866,43.469,38.5,41.324,31.513,35.205,34.019,42.017,41.198,39.342,34.616,36.967,33.575,32.656
42.842,39.024,40.73,33.608,40.108,42.405,43.292,43.437,34.275,38.125,34.337,43.939,33.554,41.187,31.242,33.619,39.541,43.49,36.534,42.404,34.767,37.46,35.906,36.588,32.233,34.413,42.304,39.822,39.92,32.961,31.217,40.54,39.33,32.771,43.169,33.59,41.498,30.987,34.499,42.249,37.494,41.585,32.835,32.57,38.327,42.209,36.271,43.197,37.789,41.98,43.26,31.899,30.702,43.312,32.829,37.889,33.326,31.935,38.799,40.816,31.817,31.013,37.366,38.369,34.859,41.415,35.172,31.97,41.937,33.261,36.956,32.768,40.022,40.315,35.106,40.531,44.135,39.057,37.746,34.607,35.589,34.28,38.451,43.557,35.642,31.529,36.277,41.089,35.079,35.97,42.86,35.421,38.172,42.268,42.673,35.007,36.883,30.428,31.897,36.703,43.905,34.925,32.917,33.04,32.696,36.498,35.36,37.021,30.467,40.961,33.994,37.024,33.845,36.182,38.602,35.777,36.269,39.036,32.177,32.822,41.978,38.167,40.366,39.66,38.15,34.182,38.977,39.3,37.853,37.067,37.147,32.247,42.034,35.48,31.951,31.359,39.172,43.603,41.503,42.853,38.904,38.424,39.427,39.696,36.071,41.765,36.22,43.421,39.784,42.569,30.348,37.187,30.297,32.661,35.774,43.959,35.116,37.346,31.955,35.751,33.501,35.105,38.314,36.522,37.313,42.437,37.625,38.658,33.056,37.971,37.221,39.519,37.478,36.417,36.008,39.174,39.516,42.998,44.67,40.382,42.994,36.887,33.679,31.274,38.222,43.572,40.944,32.342,43.046,43.24,38.419,31.06,35.466,42.827,33.148,32.523,32.81,42.276,39.257,33.375
39.875,40.396,41.618,34.798,35.944,34.4,31.359,44.539,38.853,37.167,42.893,42.692,36.076,42.871,42.182,35.939,40.072,41.099,43.598,36.982,35.716,36.65,33.689,38.244,35.703,42.621,31.177,34.268,43.959,42.971,41.137,41.309,42.204,35.935,32.857,35.58,33.971,42.557,31.914,41.253,40.437,32.306,38.526,42.198,34.393,34.264,42.596,36.713,35.348,35.591,44.371,39.758,42.676,35.106,39.879,32.451,38.628,41.229,33.655,31.484,35.647,36.33,39.378,40.747,31.707,44.154,39.022,43.062,40.051,37.905,38.953,33.974,41.788,44.15,39.525,33.996,32.434,36.577,34.299,37.854,42.983,39.835,35.097,41.913,42.083,40.082,36.896,43.473,32.1,41.972,36.673,39.006,38.565,36.769,39.988,40.235,43.296,39.931,40.239,36.309,36.925,30.439,40.627,40.982,34.719,40.633,36.923,41.271,38.357,34.818,34.74,38.168,38.298,38.352,39.893,40.51,34.129,37.706,34.107,43.03,33.591,44.074,33.807,37.104,31.615,33.112,32.126,36.233,31,40.277,41.714,37.681,31.856,40.088,35.256,35.843,38.934,31.346,37.659,39.969,40.382,41.385,40.159,36.224,33.7,42.597,38.987,33.369,31.979,34.81,34.788,37.971,30.013,34.958,41.345,35.112,30.62,41.418,41.059,34.483,31.178,34.498,35.777,33.574,32.393,41.108,31.477,41.683,35.753,41.685,35.859,31.405,32.987,33.673,43.034,41.474,41.839,42.14,39.965,41.489,38.764,36.096,33.177,40.735,32.345,34.938,36.622,41.906,40.317,34.036,34.225,30.153,34.759,33.926,37.913,31.572,34.419,34.243,36.672,39.921
32.643,43.764,43.601,32.286,33.74,37.798,36.645,33.225,42.342,31.918,35.821,31.702,43.725,39.707,35.879,40.008,36.12,42.912,42.568,37.143,37.393,40.873,34.352,43.358,40.448,40.728,30.395,36.343,36.99,36.51,41.601,42.411,37.26,38.892,40.08,36.733,35.251,42.709,34.245,44.388,34.309,34.3,32.238,34.881,31.557,32.168,43.284,39.092,32.292,36.286,39.169,39.76,39.271,35.599,43.122,35.527,32.499,33.701,38.591,38.641,44.108,38.175,43.886,40.467,39.207,43.576,39.989,37.578,42.946,31.222,34.944,37.302,36.768,40.776,43.95,36.775,35.691,39.133,30.736,38.987,38.458,43.611,38.348,33.13,42.8,40.921,36.988,37.287,39.548,32.998,38.635,31.802,37.526,38.243,36.168,42.896,40.525,36.04,34.126,34.467,41.349,42.693,43.222,42.367,40.955,43.2,32.454,33.025,36.378,40.629,42.253,44.365,37.032,33.529,40.446,40.132,41.03,32.478,31.272,42.767,42.362,45.048,41.042,31.885,42.648,38.217,35.149,33.515,32.742,42.757,33.872,38.51,38.855,33.526,36.218,37.34,42.933,31.026,33.574,37.589,35.683,38.931,36.242,35.584,41.666,43.045,40.251,32.889,33.683,34.877,42.341,33.795,38.657,43.728,38.436,32.165,37.198,37.59,40.429,38.655,31.68,43.333,32.324,38.193,41.759,39.355,38.936,36.554,37.186,38.672,33.722,31.099,34.821,37.942,43.278,36.282,39.673,42.919,39.568,31.679,39.544,32.046,36.147,32.539,33.638,37.029,33.024,38.632,39.517,41.298,32.515,37.201,32.741,37.88,34.544,37.429,33.379,41.112,43.382,44.21
41.791,32.877,38.303,42.617,41.436,33.323,37.484,34.103,33.608,42.942,35.467,41.454,35.343,33.629,43.158,32.277,38.613,35.831,35.619,34.718,39.112,31.78,40.376,37.529,42.072,39.989,35.917,39.773,40.737,40.524,33.279,35.641,32.556,33.53,37.81,35.844,32.923,43.715,43.827,41.498,31.047,37.612,39.289,36.793,37.582,30.689,40.483,43.204,32.879,37.883,34.004,32.561,33.523,36.635,31.651,39.866,37.945,33.763,34.245,34.102,33.889,39.433,34.824,41.854,42.84,40.128,37.332,37.309,44.422,37.775,40.831,32.744,30.878,40.003,32.402,42.64,42.051,39.93,34.82,42.515,36.237,39.22,34.82,36.164,31.383,34.376,42.884,39.226,37.242,42.302,40.916,35.825,44.087,41.86,35.635,41.874,36.586,41.543,36.966,33.904,36.78,34.998,34.513,39.836,40.417,32.915,32.948,39.598,42.891,31.961,38.494,33.26,36.056,35.338,31.472,36.592,39.795,37.775,35.788,40.014,43.69,32.971,40.128,36.316,37.81,42.879,31.068,37.29,39.372,34.198,32.418,33.84,42.571,38.052,32.577,43.647,33.535,40.898,30.456,36.789,35.343,43.495,42.199,41.257,37.259,36.18,40.86,38.188,37.456,41.496,42.853,36.83,36.782,33.52,43.267,41.58,40.674,35.647,34.373,40.867,34.496,40.95,39.078,41.591,39.931,32.475,35.174,41.959,36.015,39.329,37.368,38.833,42.858,37.191,32.757,39.284,40.034,37.865,33.252,32.683,42.058,40.418,37.568,40.318,35.937,30.719,36.763,35.831,36.601,41.054,35.534,33.247,42.56,42.715,42.285,37.55,40.181,44.233,43.992,40.821
32.581,43.156,33.254,42.775,32.317,41.053,33.506,33.839,30.75,37.427,43.737,38.541,37.543,30.861,43.799,43.438,35.685,40.634,37.795,35.563,37.331,33.332,35.611,39.2,31.72,42.152,35.883,35.656,32.486,32.274,31.591,33.871,35.472,41.463,43.588,42.055,37.326,42.93,33.9,43.41,35.494,35.198,35.92,39.363,34.357,35.172,43.37,34.485,37.46,39.295,40.051,30.964,38.677,39.291,41.532,32.868,34.534,35.976,38.242,34.325,38.904,33.117,35.832,40.288,41.54,31.318,41.915,43.466,39.642,36.364,35.66,42.5,43.286,38.685,31.969,42.264,40.623,40.035,38.36,42.688,44.065,41.988,33.624,32.188,40.156,33.515,33.713,43.377,42.158,43.721,40.375,39.323,38.305,37.499,35.762,31.231,33.962,43.791,41.117,30.98,32.469,37.38,40.62,42.161,35.115,41.203,39.263,37.757,43.414,34.049,43.976,42.912,38.421,37.556,38.296,35.021,38.837,40.124,30.686,40.203,42.258,37.523,31.096,42.526,35.964,34.581,42.348,41.954,38.28,35.201,38.271,39.936,33.766,38.414,39.985,44.524,37.386,31.139,36.296,38.419,40.052,39.499,41.06,41.95,36.631,33.722,36.586,35.949,38.624,36.311,41.164,35.201,42.201,35.328,31.757,32.41,36.736,40.138,36.978,36.316,40.412,39.902,32.487,34.181,41.512,40.28,36.633,37.788,33.904,36.236,36.277,31.651,36.19,43.575,41.063,43.322,36.906,42.31,33.281,40.226,41.663,36.361,31.814,31.12,40.408,40.755,36.403,36.371,38.36,35.706,36.086,35.228,41.196,40.598,44.295,39.831,34.538,37.259,34.84,38.638
31.576,31.444,37.062,42.838,42.916,36.712,42.982,38.851,32.248,32.307,43.744,37.262,40.882,33.85,32.339,34.463,41.876,33.298,37.992,41.63,32.687,38.717,35.334,35.341,33.173,32.905,33.444,37.132,34.29,40.805,30.218,33.91,35.846,41.392,37.91,41.658,37.105,37.587,32.929,40.805,37.471,35.881,38.133,38.935,30.812,35.629,39.804,37.221,37.981,32.756,42.358,38.761,33.111,38.985,32.111,32.61,36.502,32.355,31.186,32.599,36.891,36.622,37.408,32.603,40.842,35.133,37.695,44.572,39.508,40.335,40.233,38.656,43.99,42.25,41.378,38.637,39.396,36.473,41.789,43.954,33.369,38.434,37.655,31.172,36.755,41.733,37.537,40.276,43.583,37.52,31.277,34.523,32.073,30.751,38.17,43.091,31.333,33.095,36.127,39.266,33.906,31.688,37.127,35.777,34.467,34.273,42.329,37.783,35.248,32.38,42.793,33.302,33.097,31.639,37.529,42.188,42.846,43.268,42.413,35.21,32.616,36.58,32.231,33.252,35.238,36.939,31.269,35.555,40.242,32.196,35.83,34.855,37.456,38.134,36.758,37.981,41.536,39.781,35.173,44.147,39.305,41.839,42.694,34.541,34.282,37.112,42.648,32.177,32.452,40.19,35.432,33.349,42.98,32.917,40.27,30.994,41.02,44.498,37.555,41.168,35.945,35.553,36.072,31.801,33.363,41.991,31.489,43.714,42.199,42.753,43.648,33.346,30.833,44.47,44.077,40.475,39.734,34.661,36.68,34.842,42.255,37.301,39.141,42.977,39.894,35.658,41.987,43.336,40.905,40.406,44.003,42.329,33.209,40.044,41.018,33.862,38.002,32.485,31.195,36.233
42.2,39.571,43.656,38.499,35.905,41.511,35.734,34.949,37.424,40.404,42.148,32.197,35.034,35.134,33.18,36.254,31.371,37.163,41.66,33.492,32.662,39.713,41.406,37.238,42.185,42.175,41.717,33.33,43.593,37.615,33.052,34.133,44.035,43.126,32.13,40.595,37.001,38.554,42.024,39.819,41.581,33.334,42.039,34.619,34.417,41.362,42.152,41.965,40.007,30.482,35.362,38.079,34.62,36.088,38.903,43.176,41.022,35.18,39.098,35.314,42.786,36.444,42.929,40.063,39.35,35.617,36.319,40.611,34.934,41.567,41.251,36.926,31.724,40.546,41.868,44.113,33.302,33.225,41.283,44.538,32.365,37.612,35.67,32.082,43.686,36.765,32.596,37.642,39.006,38.237,31.321,34.815,40.607,33.124,39.481,42.788,36.325,38.491,31.323,44.118,35.894,33.79,33.848,35.683,34.525,33.125,39.456,40.583,43.064,35.552,44.255,38.599,38.293,34.56,34.612,37.106,32.958,34.033,34.164,37.944,38.295,35.126,34.609,43.698,39.413,32.54,36.173,38.003,41.453,43.01,34.028,32.714,37.598,39.81,40.612,32.842,36.653,44.34,34.084,36.844,33.86,31.902,34.949,39.571,34.965,37.088,35.468,38.816,43.545,44.483,36.748,41.62,37.991,31.048,35.524,35.883,41.436,39.87,37.818,40.941,38.96,38.037,39.274,35.024,32.135,38.486,31.153,38.002,36.826,36.344,36.444,30.582,37.721,39.075,34.985,44.192,37.345,33.34,38.191,39.279,37.177,39.061,44.371,36.698,31.181,34.438,32.973,40.652,37.073,33.547,43.153,34.766,37.328,39.893,34.225,34.959,34.624,41.117,41.826,37.537
34.836,38.211,32.488,36.271,32.342,43.717,37.028,35.851,39.623,36.935,35.906,32.418,38.228,41.433,30.708,39.833,34.328,34.911,39.205,34.986,30.45,36.77,44.194,35.572,42.6,36.116,35.143,40.678,34.469,43.913,31.501,33.106,41.389,44.008,36.262,35.451,34.284,43.241,43.277,34.057,33.736,33.475,33.07,39.578,43.623,32.745,43.358,42.703,41.184,30.089,40.004,31.659,37.592,41.03,36.085,33.67,43.044,42.544,39.693,42.72,33.124,42.181,38.382,40.446,38.768,39.402,38.479,40.713,37.744,34.109,40.354,40.02,32.388,37.913,35.382,35.656,38.31,38.899,33.769,33.985,31.878,44.168,31.749,40.323,35.48,34.983,31.815,33.536,43.536,39.741,32.067,42.789,44.21,38.213,35.743,33.533,40.41,40.762,34.176,42.967,38.425,30.989,42.182,32.514,31.849,32.213,37.309,40.985,40.812,43.275,31.616,32.673,40.581,43.548,36.843,31.692,35.969,36.309,32.811,33.396,35.972,37.089,35.082,40.975,43.298,40.442,43.152,33.725,40.39,31.883,41.497,35.618,34.042,37.316,31.318,36.581,41.043,42.947,37.883,35.272,42.531,42.343,39.28,42.398,31.296,33.085,38.243,41.572,32.377,32.315,36.61,35.306,39.203,30.379,33.19,41.497,42.967,36.993,38.51,43.175,43.63,38.88,40.38,36.731,36.025,40.129,38.661,35.428,35.905,41.709,36.208,31.665,36.87,32.212,36.968,37.074,38.325,37.828,40.011,31.399,33.756,35.938,32.08,40.525,36.772,37.02,37.126,42.917,43.969,39.667,37.206,35.837,40.818,35.417,43.893,43.186,38.911,31.601,40.409,37.659
40.62,34.598,33.535,37.201,37.949,38.437,41.17,39.577,43.666,38.632,32.495,33.126,33.236,36.203,35.544,41.635,40.354,34.829,39.767,42.482,39.058,30.741,42.058,33.415,31.958,38.759,35.918,43.734,36.705,42.909,39.588,38.579,38.583,44.125,40.018,33.318,34.423,41.243,38.225,34.583,40.106,36.667,43.032,33.681,39.44,32.673,40.69,41.872,31.254,37.789,36.114,36.095,41.138,38.163,35.738,39.887,34.003,40.84,32.115,35.088,42.397,33.894,42.166,32.886,42.466,40.639,43.47,41.196,33.83,37.252,37.171,39.398,34.529,33.071,37.022,36.33,35.567,37.938,33.301,30.652,37.156,35.997,32.09,42.642,33.703,38.774,42.457,41.235,32.864,40.687,37.137,44.524,39.917,40.72,38.424,37.46,34.018,36.824,34.44,35.98,43.577,37.904,33.969,43.66,32.712,32.146,34.241,39.99,33.959,37.33,35.002,38.953,36.26,31.963,41.237,38.543,37.813,40.606,40.419,38.797,40.402,31.114,37.91,41.467,43.099,37.633,42.601,31.52,35.537,40.497,39.651,36.781,31.596,33.676,32.573,41.014,33.437,39.721,36.086,42.515,33.515,33.921,36.089,38.565,32.936,41.487,37.593,34.574,36.772,34.131,37.875,42.048,36.826,42.604,32.225,31.743,43.357,34.125,42.541,33.986,34.465,38.557,33.109,42.625,38.095,44.225,42.379,38.677,37.267,38.863,40.466,40.892,35.263,34.179,32.755,35.07,33.925,33.092,42.972,41.258,38.171,36.273,39.864,41.653,41.41,31.544,43.243,33.112,43.965,42.275,39.644,40.411,35.147,35.677,36.477,31.657,35.859,36.253,35.179,33.966
39.393,36.934,43.639,34.836,39.177,32.596,35.554,32.09,34.662,41.615,37.292,38.175,40.266,32.812,32.366,37.036,34.545,41.71,34.662,44.013,32.025,43.114,31.38,32.312,37.066,43.933,43.559,40.872,37.613,32.362,36.611,38.772,43.499,37.756,39.898,42.57,37.762,36.613,44.32,38.359,34.918,34.909,34.621,31.027,33.729,36.444,42.746,32.814,40.573,42.617,38.07,31.305,38.632,41.667,34.199,41.936,38.335,32.359,32.263,38.541,43.853,36.387,44.059,42.09,31.308,38.549,35.557,34.976,41.104,33.691,34.312,36.593,31.8,36.741,37.858,41.245,34.016,37.097,39.768,35.087,40.703,34.086,34.298,44.577,32.363,40.047,37.663,39.808,38.053,39.174,33.059,34.415,31.319,34.39,40.619,40.478,42.637,35.051,35.949,38.845,44.114,38.436,34.599,31.97,31.691,42.359,37.165,41.882,43.427,39.122,42.893,35.289,33.596,34.826,34.019,35.822,43.729,42.198,38.076,39.755,43.111,30.554,41.046,34.791,39.086,38.722,37.218,30.938,36.464,34.004,40.31,38.861,33.791,38.946,38.192,41.238,31.679,32.24,39.389,32.631,42.014,39,42.531,35.303,37.466,39.85,40.007,35.855,40.356,43.1,37.452,44.446,43.501,32.911,37.187,36,35.756,33.74,35.134,31.215,43.552,38.003,40.941,39.66,30.986,39.32,41.497,42.6,38.901,35.107,40.273,39.031,40.739,31.871,32.063,41.004,37.536,36.291,38.001,33.16,36.646,39.65,32.019,36.635,40.109,36.044,40.965,36.602,37.037,37.875,43.764,37.792,35.904,39.395,39.514,37.398,42.084,32.646,36.443,38.916
42.006,31.685,43.961,36.024,40.831,34.761,30.578,34.805,42.309,41.578,35.02,34.977,36.97,31.953,33.254,34.41,39.369,33.816,36.632,35.278,35.417,41.243,39.876,30.588,37.442,38.457,37.547,42.777,33.05,38.095,32.035,31.059,43.618,40.971,42.647,42.845,36.582,31.931,43.468,31.817,30.784,37.558,38.076,39.931,40.874,34.954,32.577,41.058,37.352,33.783,37.64,33.292,36.095,32.335,34.525,36.428,38.965,31.915,31.187,42.927,38.048,32.564,36.598,40.65,33.627,31.032,34.946,33.599,42.558,36.268,41.338,42.261,37.15,35.167,36.462,35.762,39.79,34.334,40.428,35.228,36.462,34.806,37.832,36.728,30.937,33.242,40.831,38.902,38.547,37.527,38.195,39.565,34.101,40.753,41.595,33.184,35.615,35.995,33.682,33.891,32.474,40.124,36.809,39.78,43.508,31.291,38.518,37.353,35.041,32.327,33.236,34.248,38.611,37.746,31.47,32.12,42.275,31.483,35.132,42.449,43.215,36.287,40.575,37.626,33.635,35.147,32.914,38.857,37.436,32.752,42.125,44.227,40.446,37.85,32.531,33.88,35.137,39.582,35.544,38.193,36.645,41.286,36.211,31.762,34.13,32.95,33.243,42.874,36.104,38.596,39.9,32.661,34.674,37.79,31.324,39.781,41.422,39.215,36.41,31.173,44.101,31.225,33.714,42.281,37.679,43.652,31.613,43.63,39.24,40.471,33.265,40.141,39.532,41.614,30.815,33.504,40.502,42.985,40.015,34.268,30.663,36.47,43.466,36.865,33.649,32.981,36.32,39.901,41.656,40.726,32.477,41.522,39.175,35.202,36.889,32.905,37.967,39.976,31.42,39.523
38.112,30.73,39.172,42.045,37.829,32.309,42.541,33.553,32.468,39.243,40.462,38.202,40.502,40.526,43.489,41.572,38.242,38.823,40.99,32.384,36.426,44.222,35.213,30.565,34.905,38.692,42.287,39.823,40.916,37.366,31.762,43.379,32.382,40.959,38.852,38.946,37.159,42.226,38.863,38.243,37.312,43.123,39.249,33.444,40.968,35.944,39.638,36.191,42.206,40.854,33.477,32.393,41.705,36.928,37.411,30.773,39.592,41.495,42.326,43.557,43.865,34.848,40.941,41.306,39.726,41.912,34.274,34.436,43.325,40.068,33.869,41.413,40.253,33.603,33.769,33.475,40.988,32.037,43.28,30.766,38.07,31.032,37.521,36.63,33.192,32.192,38.161,38.047,39.64,42.712,43.503,42.818,33.976,43.449,36.323,30.769,33.499,37.546,31.83,37.984,36.312,31.209,37.452,33.114,36.549,32.834,33.39,41.994,39.106,38.623,32.485,42.753,37.114,37.211,42.788,31.976,40.81,36.406,39.158,37.347,32.243,30.923,41.787,42.071,38.993,36.212,32.989,34.067,38.669,43.174,36.989,34.463,35.821,37.831,38.783,32.659,36.583,40.425,36.478,43.162,39.261,43.362,37.11,32.38,36.822,41.296,34.15,37.377,37.758,34.156,37.766,32.241,33.491,32.155,33.887,43.04,32.038,34.846,35.614,35.975,32.675,34.011,33.435,41.096,41.779,34.927,39.963,40.855,42.784,43.409,38.769,41.876,40.807,44.199,38.91,33.304,34.527,41.309,31.756,33.618,31.631,39.125,43.731,43.731,42.931,43.629,32.413,33.367,37.301,37.591,34.695,39.322,31.578,35.948,40.131,42.036,37.055,38.87,37.487,40.976
41.77,38.043,43.28,35.483,33.871,31.714,31.464,38.435,37.616,34.204,40.508,37.205,42.61,32.527,32.058,43.846,31.986,44.133,40.324,40.975,41.893,34.484,42.806,34.545,41.948,34.359,39.95,39.068,41.022,32.988,37.706,39.394,36.13,35.506,41.615,31.954,36.969,31.395,31.667,35.33,40.927,32.887,31.79,32.591,42.178,38.227,44.103,38.991,43.766,41.419,39.445,30.596,38.668,43.996,41.911,41.155,42.869,39.204,41.803,35.33,31.601,34.979,38.087,32.136,40.91,36.83,35.33,38.346,35.121,35.791,33.59,43.25,42.8,31.336,39.272,38.103,41.665,39.77,40.76,30.423,32.846,38.062,37.722,38.413,35.526,43.254,44.184,42.666,32.983,40.643,32.285,32.1,38.945,40.116,36.676,40.262,40.953,31.643,30.833,32.53,33.538,30.839,43.088,37.047,43.985,43.759,40.742,38.678,44.227,33.369,32.35,35.982,31.172,38.422,35.338,31.753,42.328,41.889,32.479,36.132,30.898,32.528,39.434,44.219,31.304,31.763,35.843,31.61,37.548,38.409,34.604,35.638,40.398,42.57,34.108,35.881,41.959,44.412,31.872,38.558,37.009,39.843,37.884,40.694,37.999,31.596,33.331,42.146,38.487,37.964,37.614,31.137,37.398,35.103,37.581,31.608,37.771,39.263,31.469,36.603,38.32,40.281,40.453,37.588,31.833,37.844,32.254,40.33,38.457,36.87,33.174,40.95,37.259,40.252,35.49,30.529,38.858,35.644,36.712,42.273,43.171,41.632,42.728,34.781,37.518,41.747,31.307,40.746,40.847,35.425,31.04,35.866,36.318,38.183,36.51,44.187,42.833,37.378,43.952,35.977
40.624,33.924,35.861,41.641,42.946,36.116,32.747,34.466,41.726,34.066,37.216,31.748,33.409,31.72,35.826,31.36,40.096,33.88,41.446,33.381,38.148,42.236,31.968,38.488,43.412,31.745,43.625,37.83,34.093,41.066,37.567,37.778,34.75,41.431,38.28,36.678,39.468,32.61,30.981,31.061,36.659,40.191,30.776,32.909,44.265,43.931,32.978,42.064,43.069,35.821,33.798,30.824,38.258,38.381,33.514,36.244,39.507,42.745,33.823,34.856,31.293,31.045,40.353,33.598,33.411,40.626,37.176,42.134,42.908,38.694,40.581,38.608,44.018,38.228,40.112,31.256,38.997,43.269,41.417,38.337,39.491,31.025,36.941,41.549,38.131,41.506,41.768,31.807,30.521,41.549,32.919,40.476,36.906,43.015,39.019,43.289,43.803,33.617,32.27,37.786,35.88,42.893,36.384,37.887,35.68,33.425,38.437,44.162,35.294,43.453,42.34,31.757,34.066,39.824,33.838,41.092,42.379,38.203,37.133,38.736,35.734,32.637,36.895,35.25,40.942,36.726,32.501,41.888,36.824,40.66,32.539,35.351,42.571,39.558,40.667,39.87,41.713,33.963,35.443,42.784,40.623,36.586,33.133,44.32,33.652,36.862,36.829,33.763,33.425,42.789,38.416,39.563,36.777,37.042,38.69,38.743,33.222,43.902,32.562,38.468,32.048,37.2,36.402,42.241,42.53,36.575,36.206,43.47,35.489,39.711,42.407,39.618,35.512,42.559,36.128,36.9,41.042,32.19,32.841,32.401,41.694,31.957,40.679,37.693,43.444,34.981,43.455,33.311,31.906,34.914,42.448,37.91,37.58,31.052,32.983,31.63,35.946,42.542,32.139,34.986
38.537,37.414,39.686,37.629,32.616,36.437,32.588,31.388,42.336,31.361,40.91,36.317,39.711,40.009,40.82,42.842,35.729,41.593,42.057,35.852,42.762,41.009,39.866,38.278,41.507,37.118,37.999,37.673,32.091,35.736,37.337,31.103,36.583,31.489,40.717,32.72,43.604,36.242,33.121,42.151,37.052,34.098,38.455,31.42,43.754,41.068,31.559,38.887,33.203,35.804,37.446,42.365,32.826,30.898,39.145,44.13,42.911,44.513,34.505,31.879,42.269,43.186,39.854,38.725,32.968,40.753,32.272,42.957,37.6,32.849,42.275,38.995,41.619,34.706,32.677,35.466,35.158,31.497,44.627,39.846,35.322,35.941,36.143,39.792,40.764,36.095,42.202,40.925,34.815,40.516,43.784,32.882,35.07,32.97,39.003,41.044,34.178,34.862,31.234,39.493,37.243,34.226,42.909,36.63,40.288,40.477,36.215,38.573,37.823,34.166,37.384,43.202,33.787,35.229,31.242,38.672,42.428,33.677,40.36,40.436,31.465,43.203,37.632,37.505,37.019,40.585,39.519,38.754,35.16,35.926,31.897,33.636,31.403,44.072,44.398,32.018,36.379,36.544,42.614,33.748,32.306,42.696,35.634,36.694,43.716,31.077,40.979,33.681,32.161,35.236,39.559,41.78,42.969,31.174,36.833,40.269,43.631,36.343,31.946,31.563,39.563,38.47,36.69,33.155,37.552,36.964,41.358,34.484,39.909,43.173,41.422,36.176,35.091,43.854,42.667,38.622,43.97,34.746,38.258,41.567,36.457,40.891,35.351,35.734,37.014,31.812,40.865,34.789,40.533,34.851,36.956,41.331,38.869,36.743,39.053,37.068,36.248,37.156,40.743,41.853
41.225,34.307,35.374,37.761,40.531,35.079,35.809,31.546,36.958,34.75,38.894,39.024,36.902,40.417,39.581,32.585,43.595,37.784,31.234,43.469,39.996,37.154,40.045,42.892,41.645,32.228,36.868,33.885,34.324,31.129,32.382,34.078,32.643,36.097,38.697,36.406,42.369,33.244,34.158,34.978,42.217,36.941,40.789,36.497,32.186,44.439,33.354,32.226,37.135,34.709,32.025,43.655,38.803,33.227,32.634,42.312,43.138,41.12,35.508,37.468,42.259,41.776,35.864,42.578,38.361,35.107,30.87,41.082,39.137,42.303,38.189,32.337,31.537,42.47,40.105,42.95,43.012,33.406,40.55,34.295,43.331,41.405,42.87,32.309,40.55,31.151,31.236,38.153,41.348,35.685,31.844,34.992,34.016,30.854,31.579,38.443,38.908,31.05,42.685,38.154,41.381,32.538,38.603,34.892,39.06,35.864,42.091,38.877,39.557,30.676,32.391,36.303,32.121,42.306,38.027,37.915,31.507,31.398,38.163,37.997,38.845,34.913,43.668,33.858,35.91,43.655,34.777,39.488,40.881,41.106,38.478,35.944,30.253,36.075,43.267,36.156,32.568,43.636,32.053,39.741,32.816,42.46,38.065,30.72,34.416,37.134,32.864,42.824,43.136,36.456,34.274,44.251,35.928,37.732,37.02,42.747,38.279,33.017,34.399,39.445,38.581,34.893,32.564,34.779,32.334,42.435,33.588,36.34,35.798,37.873,44.546,42.852,33.172,43.016,34.162,30.914,33.714,39.676,35.176,32.906,35.518,40.305,39.765,35.365,41.324,32.936,32.973,38.887,43.942,35.681,35.756,42.291,41.231,41.465,31.187,39.58,36.898,42.352,40.622,38.36
36.867,34.692,38.164,34.832,41.205,43.855,32.381,38.906,37.695,32.925,31.501,40.293,37.376,38.462,41.343,32.764,37.544,38.943,42.511,34.215,38.294,35.904,31.498,35.418,40.752,33.729,39.493,34.578,32.438,39.734,34.792,42.55,42.826,31.195,39.049,34.829,39.845,39.739,40.984,39.807,41.264,38.103,32.223,35.949,30.512,42.071,30.888,33.599,38.724,32.346,43.481,33.968,37.877,37.85,42.382,39.56,37.856,43.139,41.893,37.799,34.007,35.941,38.057,33.18,34.598,41.67,42.027,37.988,31.185,35.915,34.33,36.293,33.06,41.892,43.968,33.482,36.526,41.681,32.248,40.942,33.657,38.191,35.564,35.8,34.43,39.155,39.913,36.69,39.127,36.589,35.988,42.572,30.615,39.432,37.725,35.641,38.742,35.481,43.375,33.761,36.531,38.917,31.998,39.132,35.54,33.631,40.698,32.586,41.834,43.218,43.619,32.986,34.885,35.536,33.874,36.616,34.92,35.989,43.746,44.192,32.739,30.937,33.569,43.511,37.573,42.036,40.983,33.374,34.068,43.435,36.698,42.852,38.105,43.461,32.056,39.675,31.178,37.467,34.78,32.398,37.995,44.676,37.941,32.882,40.305,30.783,40.579,37.624,39.955,43.754,32.987,33.809,35.139,33.841,31.748,38.592,40.582,35.326,37.459,37.362,38.961,35.08,31.983,43.695,37.35,34.127,35.299,35.126,38.645,40.528,38.481,33.907,35.785,40.317,33.362,34.343,36.116,32.727,42.919,39.866,31.683,42.323,43.351,39.296,38.435,34.489,40.249,39.683,39.043,41.908,43.732,43.861,32.689,34.414,32.761,39.167,38.555,36.363,41.857,34.13
38.372,41.97,34.339,36.939,34.163,41.903,34.603,36.312,33.077,38.668,40.279,34.945,40.375,36.327,42.65,33.998,42.107,35.837,43.522,31.75,36.136,39.514,34.661,39.728,41.956,34.132,31.479,35.567,42.409,43.569,31.115,44.631,40.159,42.768,34.017,34.404,39.593,41.586,34.041,34.22,41.989,33.421,41.626,38.514,42.547,35.765,37.457,37.001,35.421,30.532,37.889,40.426,39.447,32.46,43.497,38.992,37.292,39.01,39.367,42.954,33.564,30.968,38.428,41.192,41.088,40.622,41.397,32.328,35.865,41.001,36.055,40.677,30.722,32.141,34.73,35.419,34.987,40.433,40.498,35.371,33.942,35.186,38.297,31.074,40.707,33.967,43.424,39.447,38.621,31.703,41.355,41.511,34.308,38.309,38.435,41.422,34.859,33.451,42.631,32.387,37.061,31.59,34.999,32.087,31.803,42.63,42.295,38.979,40.945,40.947,43.143,43.759,37.789,37.279,36.854,42.725,40.746,32.832,31.774,42.681,33.285,35.691,36.814,38.071,34.783,42.519,44.482,37.688,43.203,34.834,43.181,43.607,42.452,35.039,35.556,39.322,30.555,37.458,36.092,40.127,35.17,40.331,30.84,36.562,36.683,31.961,35.17,38.458,41.961,32.638,38.208,38.744,39.818,33,39.583,41.23,43.082,35.819,36.263,39.504,31.548,39.384,35.338,31.516,38.628,40.805,32.658,40.374,44.165,41.206,31.995,30.405,40.047,38.466,42.632,34.762,32.062,40.191,38.403,42.69,39.79,32.08,34.255,40.231,36.489,31.584,31.656,34.356,33.794,31.607,40.688,44.156,39.868,32.16,31.194,31.17,33.113,40.939,31.353,41.245
35.775,33.603,38.34,33.006,33.19,42.959,38.084,40.883,42.5,41.281,31.417,34.066,40.582,35.823,32.621,39.106,42.112,43.555,43.228,32.017,34.381,41.533,35.894,40.099,40.239,38.258,30.859,39.005,40.157,43.004,36.033,42.891,39.278,34.612,40.527,31.617,42.201,35.898,34.601,36.237,34.527,34.039,35.632,42.29,39.111,33.265,41.333,41.587,33.575,33.947,41.479,36.944,40.423,31.22,41.781,31.279,36.682,39.74,37.678,41.7,34.591,43.293,37.599,35.303,37.317,39.44,36.701,30.652,32.317,42.244,37.634,34.924,40.021,31.022,43.29,36.394,42.911,37.71,43.505,41.395,31.962,43.934,42.401,32.834,43.064,32.855,37.881,41.86,35.473,43.176,32.251,36.735,38.214,32.083,31.71,35.273,35.065,42.735,43.013,40.293,43.426,30.711,38.462,36.527,34.217,43.426,40.493,32.029,42.862,39.792,44.802,41.52,42.285,35.494,31.545,37.135,34.668,42.339,33.438,31.638,35.453,35.039,34.334,37.773,30.616,38.326,39.839,37.02,37.144,38.49,43.887,35.412,40.579,33.2,39.144,40.505,40.943,36.193,34.918,36.71,36.636,39.139,39.215,32.153,36.668,41.894,34.705,43.706,44.098,34.969,34.012,34.877,35.136,40.222,40.703,41.03,38.979,33.529,40.221,36.433,39.859,36.845,39.669,38.517,40.809,41.446,41.097,43.545,43.926,31.492,35.792,32.442,37.16,31.505,31.297,32.141,33.368,44.024,35.929,33.359,31.422,32.635,43.847,33.242,42.33,33.57,32.033,37.812,37.838,42.926,39.401,32.771,34.629,35.391,40.227,31.815,42.645,42.817,36.998,34.415
34.884,31.256,43.177,41.645,39.01,35.96,34.827,38.305,44.044,42.311,37.491,41.848,44.139,43.906,38.208,36.118,44.666,37.163,43.004,31.934,42.998,35.003,34.213,33.846,38.425,43.301,36.088,31.891,31.95,39.233,33.751,35.012,42.662,30.595,41.149,40.436,35.9,39.256,41.645,37.524,40.55,33.296,34.993,34.336,34.956,35.304,37.034,42.162,43.582,34.013,33.457,33.254,37.092,41.639,35.999,41.378,43.089,41.757,32.258,42.998,34.703,36.161,39.435,35.213,34.914,38.81,40.06,30.307,36.728,42.842,39.8,37.854,36.003,36.339,34.158,32.044,41.183,39.427,39.932,42.549,39.187,41.976,41.585,32.115,37.361,36.72,30.943,41.484,41.566,31.328,43.542,31.491,37.744,37.168,35.968,43.382,41.134,32.554,31.359,39.045,36.822,33.55,33.598,41.68,30.45,31.988,42.843,36.894,35.438,39.374,38.077,32.442,41.851,42.223,39.094,39.5,42.478,31.488,38.761,35.877,39.175,41.86,41.175,38.933,39.537,36.309,36.254,35.611,33.758,38.7,39.556,41.078,38.473,35.429,38.979,39.377,40.943,34.775,42.763,34.202,33.848,31.16,36.455,43.706,32.085,36.299,43.929,39.745,37.392,43.095,38.543,30.705,34.562,42.928,40.075,42.431,36.223,38.393,42.899,43.821,42.852,34.1,42.733,42.262,39.737,38.454,43.152,35.51,35.712,41.946,34.01,42.112,35.527,36.066,32.118,34.739,31.112,35.468,33.226,31.518,31.828,32.272,35.755,41.691,33.036,39.278,36.651,32.322,43.511,38.998,41.09,37.436,38.402,43.932,42.776,33.096,36.675,44.044,43.136,39.617
33.362,33.917,40.312,40.875,43.503,43.305,42.945,31.886,42.218,39.419,41.535,42.425,35.616,38.659,38.003,35.181,39.654,37.064,39.929,38.55,32.986,35.584,37.349,42.348,39.233,38.273,39.513,41.511,33.731,39.193,31.459,38.435,43.155,42.851,41.381,36.122,40.095,43.678,35.042,40.036,41.732,42.579,33.952,34.238,36.145,35.273,37.117,42.283,40.64,32.83,40.671,33.561,37.412,32.669,34.84,39.35,41.419,40.997,36.894,35.037,33.229,38.569,37.825,42.788,39.865,33.274,40.55,37.336,40.223,36.351,34.324,33.457,39.785,33.756,42.071,40.998,31.278,37.387,41.208,34.62,35.855,38.413,43.083,36.439,41.873,34.389,32.559,43.645,34.305,31.921,31.775,38.207,42.376,32.162,36.95,31.344,37.732,43.015,38.513,31.007,33.643,33.723,39.226,43.718,34.103,41.318,41.291,36.314,33.108,33.263,36.469,42.884,39.835,36.815,40.149,33.12,34.718,41.858,31.806,37.682,40.09,31.567,38.354,31.968,43.08,32.266,39.017,42.489,40.363,31.733,33.214,33.372,39.02,38.239,43.503,43.027,40.979,36.848,32.501,33.414,43.498,38.877,38.06,41.454,34.21,33.601,41.665,35.242,43.071,43.062,34.894,42.484,32.946,43.216,43.645,39.517,39.307,31.171,31.274,40.971,37.144,33.713,42.593,40.06,33.589,34.462,33.281,42.6,43.879,42.294,35.094,44.632,36.386,35.644,34.366,33.65,37.67,33.693,43.164,42.47,39.599,42.626,31.022,37.629,34.037,41.639,38.646,33.154,43.609,31.512,32.57,41.521,41.663,36.57,37.409,31.78,34.303,31.439,32.208,37.913
40.401,41.012,37.619,43.561,35.72,33.27,40.56,35.005,44.559,42.976,32.667,32.291,34.649,36.877,35.086,38.138,36.602,34.319,31.345,39.225,39.079,39.433,33.591,32.17,41.649,37.485,33.775,40.907,40.479,41.506,30.896,34.588,42.942,35.786,43.083,39.923,36.374,41.165,36.407,31.66,42.755,32.022,41.045,36.046,35.908,38.586,40.425,31.299,42.923,30.597,31.811,34.218,41.291,35.239,39.659,41.956,36.037,32.744,42.445,43.859,36.024,42.626,36.229,38.752,33.627,33.508,42.11,36.065,42.894,34.471,37.2,35.584,34.414,40.435,43.343,43.472,32.19,39.208,40.673,40.417,42.98,41.745,36.888,30.754,37.561,33.76,33.129,43.021,31.621,38.211,43.003,35.069,42.249,43.66,34.103,40.151,42.127,40.672,42.807,33.204,30.737,40.219,39.218,43.311,38.168,39.585,44.003,35.387,35.362,30.883,33.368,32.634,34.333,41.656,44.203,40.098,38.664,33.138,34.004,43.052,34.894,41.871,34.13,33.882,36.646,42.322,42.62,43.34,39.047,31.389,32.524,33.462,31.985,32.552,32.846,36.078,35.27,40.877,41.588,37.996,35.567,33.957,33.928,37.824,35.914,37.126,43.216,40.202,35.142,34.572,38.593,38.679,39.044,33.592,44.508,42.765,41.301,39.944,37.705,39.438,35.454,42.375,44.693,39.832,33.853,39.02,40.767,35.714,34.941,31.676,40.298,44.568,42.308,34.865,43.141,32.277,39.762,34.852,32.938,42.223,35.409,41.412,38.808,30.759,35.286,37.956,35.179,42.046,43.29,36.95,43.547,31.517,38.809,39.418,36.323,30.803,36.331,41.588,39.182,42.359
43.388,42.764,38.549,35.778,39.842,34.626,43.23,30.856,39.821,36.738,41.653,34.921,41.058,38.377,40.593,34.989,35.718,36.102,30.529,39.147,38.935,41.874,33.529,30.908,40.276,38.802,41.005,41.552,35.375,32.017,42.646,40.408,41.747,31.263,39.038,33.104,39.621,41.099,38.871,37.615,34.401,38.961,40.724,36.188,43.666,42.528,37.975,36.464,40.657,41.021,31.585,41.887,35.928,39.617,43.54,38.62,41.359,39.392,42.077,31.835,40.961,37.846,32.555,36.264,32.968,34.999,37.107,34.933,40.307,30.85,39.538,42.892,43.789,42.815,33.688,35.611,40.118,34.609,41.315,41.809,37.955,37.475,34.102,38.926,32.927,40.45,34.99,39.145,36.392,38.522,42.88,36.373,39.228,36.683,32.184,31.653,38.476,37.128,37.953,42.38,31.086,37.195,33.992,43.519,39.823,32.75,33.015,41.583,43.492,42.797,42.836,31.23,33.35,42.196,39.764,42.171,38.264,36.49,40.7,32.754,31.288,42.961,42.671,33.039,32.863,42.268,36.43,43.635,33.608,36.648,38.55,41.314,42.163,38.746,34.107,36.921,40.833,39.515,34.556,40.372,38.628,36.604,33.609,38.76,40.58,38.436,36.098,39.403,34.959,34.416,38.831,32.013,40.688,39.22,40.057,42.355,34.859,35.417,39.77,43.815,31.703,39.029,34.593,42.178,31.706,31.532,40.588,35.812,38.121,43.455,37.503,35.62,37.626,31.668,35.222,39.423,32.434,33.707,32.916,36.299,32.578,37.777,42.027,36.524,40.941,35.979,37.758,36.232,40.958,31.485,43.211,32.485,37.485,39.299,37.435,32.527,31.116,31.665,42.404,33.317
43.471,31.592,38.901,33.151,43.231,38.191,39.042,35.164,31.768,43.453,37.731,38.283,33.114,40.883,41.84,42.877,34.061,33.655,41.124,38.425,35.223,44.326,33.663,40.019,41.174,32.437,37.72,43.882,31.709,39.972,42.658,38.707,39.624,39.529,32.207,37.865,35.472,40.67,43.332,39.258,36.669,33.756,42.167,36.57,36.102,41.534,37.699,30.636,36.409,34.804,35.137,40.2,34.983,39.322,39.03,37.924,37.083,43.08,32.777,33.93,36.465,40.977,38.859,32.517,42.188,39.221,34.234,32.051,35.635,35.574,41.595,38.101,42.729,41.374,36.312,34.143,36.859,32.193,36.029,31.626,32.903,31.079,37.379,36.508,34.196,39.987,39.601,36.861,37.887,31.577,37.245,43.306,34.238,33.618,34.018,38.768,35.022,39.239,39.56,37.599,42.817,35.996,42.828,36.984,36.833,40.313,35.411,43.779,35.48,36.593,36.684,42.697,36.349,41.81,43.402,37.623,35.032,39.482,38.07,39.43,39.673,32.314,42.563,38.168,38.569,33.925,43.839,38.938,38.707,40.762,41.441,41.23,36.93,32.263,31.301,38.901,31.232,34.52,32.84,43.249,38.697,43.408,36.932,36.454,40.636,32.537,37.683,31.731,43.258,37.068,33.756,30.652,34.413,36.258,41.7,34.186,40.684,42.427,32.697,39.141,34.5,32.475,41.347,35.04,43.302,40.672,40.633,35.474,38.832,43.063,30.905,42.883,43.753,40.163,40.931,41.564,33.195,36.884,39.43,43.476,41.535,34.749,36.001,42.645,34.994,35.807,36.847,39.2,33.878,35.376,31.579,42.559,37.396,41.029,39.409,35.928,33.949,40.934,38.319,36.996
38.833,35.25,39.578,36.701,44.465,40.808,31.645,42.904,32.768,33.183,43.779,34.294,37.824,31.371,37.64,33.129,41.268,42.574,32.501,43.715,34.802,39.129,42.041,31.711,40.114,33.946,35.86,31.859,31.927,37.42,35.557,32.842,41.021,39.321,37.021,36.06,43.827,35.588,34.656,34.936,35.015,41.942,40.47,40.857,43.315,36.137,40.265,42.708,32.274,39.399,41.669,37.046,39.507,36.955,37.181,35.184,35.883,40.924,41.698,37.211,44.003,41.048,37.032,38.533,44.165,36.19,40.648,38.748,36.85,42.629,37.289,33.907,44.688,38.574,43.201,42.41,33.28,33.005,33.427,40.576,39.115,34.591,38.636,36.366,30.42,33.547,36.8,36.219,34.861,34.633,37.92,37.076,36.393,40.971,42.012,39.389,31.855,32.028,34.963,41.091,44.217,39.838,36.431,40.935,43.412,41.63,41.771,40.573,34.176,35.787,37.666,34.924,43.951,39.78,34.778,34.078,42.683,41.1,31.993,34.737,41.787,31.271,36.398,38.079,41.897,41.216,38.267,39.703,36.536,39.554,31.751,35.803,38.293,41.485,35.145,43.291,31.603,43.936,36.52,39.934,41.57,40.555,41.146,41.721,36.067,41.871,30.884,33.689,37.108,43.361,38.971,43.16,30.528,39.766,37.316,34.24,43.796,36.673,35.056,37.473,32.295,39.26,36.867,36.569,34.298,39.207,39.342,34.21,44.052,40.843,32.616,34.552,37.805,33.767,43.5,31.789,42.066,41.568,41.685,40.102,33.894,31.515,36.657,44.52,43.108,42.163,41.773,39.078,36.364,30.787,32.649,32.905,31.702,39.858,31.571,32.46,34.606,43.799,35.835,41
40.181,40.634,37.772,37.951,35.281,36.294,42.918,34.442,41.045,42.031,44.764,43.588,40.308,41.823,41.119,34.296,37.942,32.51,43.087,36.452,30.862,44.053,33.913,37.109,40.686,42.611,32.647,42.155,41.912,32.874,31.509,33.05,39.543,35.531,40.341,32.161,38.642,32.605,37.696,40.767,40.269,43.888,43.192,31.069,35.019,42.279,39.395,38.548,40.269,41.774,32.385,39.694,36.348,38.525,33.972,36.792,31.571,43.076,33.114,35.026,33.781,36.988,31.408,36.126,32.295,38.085,33.612,37.567,38.987,41.136,42.603,32.436,34.84,38.388,34.869,32.685,42.591,33.909,32.578,41.739,38.289,35.807,34.919,35.572,42.869,42.421,37.471,41.263,40.751,34.59,31.687,35.945,40.99,42.306,32.554,37.097,35.854,34.251,40.539,39.633,37.407,31.563,40.674,31.53,39.166,31.923,43.584,34.591,32.154,40.108,39.928,38.77,31.753,39.405,31.707,32.156,38.829,43.42,30.436,31.469,31.361,33.316,34.145,35.035,37.693,32.799,42.398,38.183,37.908,40.075,40.848,39.436,37.011,34.839,41.865,35.632,36.55,36.897,31.644,38.923,41.989,40.76,38.624,38.633,38.808,40.126,30.704,33.964,37.699,36.211,35.104,44.556,34.219,37.437,39.561,41.956,35.595,35.476,34.513,39.984,35.55,44.331,37.42,41.152,30.554,30.942,36.203,39.728,42.755,38.639,36.371,37.602,39.053,32.598,39.957,40.193,36.875,37.036,42.481,41.519,38.794,40.068,41.433,33.138,40.351,33.332,33.376,33.123,37.29,39.864,37.132,34.309,38.161,41.753,41.052,36.095,40.24,38.569,39.139,33.762
41.294,33.592,35.541,42.354,33.506,35.904,39.629,37.342,43.735,44.195,41.791,43.954,43.8,44.2,34.783,36.475,37.194,35.626,35.15,35.279,36.159,33.432,34.746,36.145,33.453,43.889,39.857,37.517,34.443,35.541,38.269,37.463,32.319,39.869,44.454,32.513,37.809,42.845,42.03,35.517,42.639,43.01,44.364,35.099,39.189,39.797,31.422,41.684,37.786,35.911,40.719,41.008,34.925,36.534,33.058,40.76,36.064,36.673,42.395,40.862,41.235,37.75,39.821,42.046,35.005,34.066,43.397,36.567,42.126,41.802,35.726,34.238,36.875,42.935,32.712,42.392,33.002,39.43,37.59,37.355,43.475,39.364,42.438,42.451,33.08,37.851,34.773,33.714,33.874,30.708,36.309,33.305,42.735,37.559,43.217,42.316,33.792,34.34,41.766,37.729,35.329,42.564,40.795,39.347,38.899,33.134,42.36,33.885,35.497,39.753,35.947,32.18,35.139,43.2,32.58,33.641,31.644,36.464,41.479,32.197,37.644,33.507,43.085,42.027,40.968,36.027,34.705,40.313,44.134,39.546,41.064,40.072,36.417,38.361,42.097,39.319,43.92,40.129,42.129,44.182,41.175,41.717,41.618,35.524,31.722,44.285,36.564,34.703,32.077,31.653,40.411,41.632,34.533,37.8,33.67,32.667,41.096,41.733,38.308,34.658,39.495,37.889,34.997,31.876,42.793,37.593,36.776,37.291,41.656,35.571,36.431,41.746,36.378,42.65,35.744,43.42,41.388,41.202,31.531,44.201,41.428,44.246,42.736,31.776,37.275,31.055,39.504,32.976,30.773,35.788,31.418,41.457,36.868,43.702,43.724,30.926,39.541,43.958,38.88,42.183
38.113,41.723,34.497,44.238,43.563,34.844,41.655,41.33,35.156,38.667,40.977,37.935,34.761,33.872,34.607,38.088,40.086,30.696,37.855,34.47,40.082,38.665,35.648,33.871,35.242,36.384,37.913,31.745,40.591,42.948,34.276,44.237,32.257,36.274,32.364,42.296,36.154,36.462,36.332,39.603,40.375,32.217,35.096,34.872,35.037,39.838,41.416,44.182,39.014,36.05,33.237,42.091,37.647,33.705,43.037,37.858,34.908,32.115,38.964,41.264,40.368,38.957,33.869,43.361,39.946,36.104,32.16,40.104,37.252,44.527,38.464,42.137,33.029,32.406,33.904,36.293,43.042,39.796,43.287,30.989,40.511,39.283,35.154,38.715,34.465,36.623,38.355,42.619,37.707,39.212,40.005,33.334,44.751,31.541,35.607,35.869,41.349,33.291,37.06,41.245,40.789,39.878,41.63,34.772,38.963,32.136,38.008,33.581,38.134,39.774,40.997,42.305,35.725,40.597,35.696,31.463,41.651,31.175,43.5,33.52,37.924,31.954,37.629,42.1,41.535,41.803,36.994,40.293,36.329,35.695,34.53,31.671,39.472,35.243,38.288,32.633,40.597,32.277,38.883,37.085,38.723,34.107,37.472,36.723,32.544,32.863,32.484,31.854,38.526,31.198,33.866,41.261,32.082,40.273,36.324,39.792,41.831,32.799,41.395,40.001,39.101,36.51,35.128,32.02,39.139,32.389,37.187,38.888,32.216,34.192,35.149,39.686,31.055,37.307,32.217,37.185,36.614,31.903,32.781,40.258,38.256,32.045,40.479,36.763,31.59,37.863,37.094,35.698,31.159,37.121,32.878,38.547,36.901,44.468,35.011,35.713,37.096,34.852,40.051,35.166
37.733,39.489,43.908,44.709,38.234,33.409,31.75,36.573,43.63,40.71,34.746,44.245,33.981,32.405,35.882,42.858,42.386,41.452,39.3,43.452,31.857,37.405,39.246,30.967,38.636,33.142,41.97,41.308,43.417,36.144,30.605,35.196,41.078,33.942,40.14,32.01,40.695,43.735,38.831,39.912,35.806,30.543,42.165,38.546,32.246,42.136,37.149,39.772,34.201,36.73,42.628,38.335,42.335,32.278,44.382,38.51,39.415,32.227,31.905,43.353,38.787,39.977,38.506,41.233,42.19,39.598,35.152,39.313,36.932,40.565,33.53,42.651,32.575,40.528,36.217,33.911,35.122,40.502,44.336,43.602,37.398,31.272,41.661,37.55,40.95,32.994,44.279,39.657,34.279,34.898,40.245,41.743,42.843,38.151,43.652,36.366,38.527,39.114,38.365,37.04,42.837,37.567,40.581,33.477,38.544,33.989,39.503,36.465,37.73,40.192,40.771,40.74,34.094,35.833,35.294,39.463,35.178,35.681,42.261,42.222,31.068,43.168,30.815,39.27,39.878,43.384,36.079,37.919,39.442,42.946,41.591,37.531,36.012,31.331,38.676,40.243,36.952,30.904,33.823,33.551,32.238,39.106,34.757,43.676,39.338,36.522,35.269,35.936,43.946,39.613,30.407,31.864,43.695,42.976,43.579,43.308,34.905,36.478,42.323,33.067,37.262,34.439,36.035,38.503,38.739,37.995,44.099,41.55,39.606,32.743,36.368,41.571,40.951,31.15,32.783,43.205,40.54,41.604,34.13,44.318,40.734,34.228,39.353,38.189,43.496,33.674,43.204,42.247,36.841,34.405,33.768,35.867,33.721,42.007,35.726,31.658,42.883,38.337,35.291,31.722
32.54,37.15,36.071,33.295,34.706,31.605,30.485,30.756,31.964,38.238,33.623,37.656,39.66,38.944,31.629,32.648,34.937,41.722,42.738,40.28,39.766,33.103,34.058,37.195,36.353,35.039,38.688,39.927,34.759,35.007,40.809,44.021,39.93,31.16,32.766,34.102,31.268,41.363,35.615,37.712,42.792,41.858,39.376,30.931,37.394,37.872,37.822,40.833,30.427,37.292,34.061,32.251,41.27,32.697,42.971,33.672,35.808,41.845,35.694,44.538,44.224,42.203,36.248,42.392,36.871,41.304,34.73,43.782,35.343,43.424,34.06,37.803,37.977,41.148,39.99,41.746,34.106,42.492,38.504,37.828,33.299,30.572,34.93,34.414,41.536,33.643,36.636,34.179,33.628,40.664,33.235,43.2,35.242,38.982,38.818,33.99,35.358,39.462,40.183,37.413,36.814,41.482,42.848,39.919,39.225,30.891,42.086,32.422,41.251,34.796,41.083,35.495,31.041,41.293,44.034,36.533,44.007,37.232,32.102,41.771,40.211,36.804,32.276,38.279,39.887,34.686,42.375,41.361,36.49,42.306,31.28,39.965,39.071,42.687,41.338,34.429,39.777,40.596,41.793,30.541,34.477,32.389,41.067,34.186,43.431,40.819,35.671,40.744,38.683,34.82,34.151,37.604,36.717,37.042,40.904,32.935,36.497,39.222,37.237,42.49,32.884,37.382,37.988,38.019,41.918,39.384,33.032,34.352,34.338,33.046,32.902,31.814,33.307,35.31,37.513,44.727,41.853,31.645,37.388,43.417,33.058,41.413,38.942,36.73,42.072,41.191,35.683,33.127,36.986,42.463,41.388,42.427,37.36,38.477,36.026,41.777,41.774,35.488,31.967,35.891
42.619,41.35,34.743,34.068,36.902,42.936,42.168,35.169,32.384,34.162,42.462,36.553,40.816,39.194,35.087,34.174,35.842,32.887,42.299,36.696,40.342,33.572,32.325,40.398,43.111,42.671,44.093,34.019,40.719,35.024,32.048,38.182,40.273,32.858,33.948,40.922,37.587,40.174,40.385,42.126,44.492,44.348,39.494,41.224,43.925,40.233,33.695,35.858,35.203,34.501,41.034,35.543,34.629,37.94,34.679,33.09,37.047,39.967,40.791,39.562,37.074,38.085,44.039,37.623,42.599,37.005,35.084,34.151,37.453,39.819,33.792,40.586,43.159,35.06,33.407,41.69,33.213,44.681,33.359,42.657,33.746,31.87,38.443,41.926,44.603,36.988,30.837,36.646,35.439,36.815,30.958,34.643,39.806,38.218,35.929,31.548,33.567,35.33,35.645,33.634,39.545,36.255,38.849,41.346,37.202,30.17,39.917,42.326,38.285,33.691,36.74,33.031,35.626,32.614,39.91,36.626,42.529,32.989,41.336,44.231,35.838,32.571,39.193,43.861,31.884,37.641,36.061,36.741,35.903,35.337,34.453,39.871,38.023,40.992,42.23,33.525,33.342,41.093,41.381,42.31,42.313,38.278,32.348,36.492,35.712,40.77,34.355,38.738,38.499,41.996,33.254,31.658,39.848,39.483,38.401,36.032,40.428,40.842,38.502,36.222,33.504,31.171,35.632,42.843,33.96,33.206,42.492,40.204,33.121,33.529,35.227,41.175,35.848,37.683,39.037,33.463,37.808,40.969,40.56,34.913,32.354,40.62,36.665,35.794,37.952,44.121,41.265,35.121,43.736,31.871,39.423,43.995,38.691,37.19,38.789,42.76,36.589,41.169,35.877,30.624
39.104,34.025,32.524,35.401,33.322,33.393,41.116,31.111,34.696,41.608,42.348,41.056,32.779,41.967,32.002,31.176,34.58,31.404,40.813,41.385,32.939,32.778,42.585,36.543,35.945,35.129,41.929,37.586,42.301,35.864,32.445,34.949,41.938,38.995,38.141,32.564,37.382,43.188,31.347,31.621,36.885,43.866,39.858,39.077,44.297,36.387,35.582,31.795,35.395,35.437,35.107,41.498,33.19,37.859,42.203,40.011,31.059,42.636,40.042,42.125,43.911,35.345,36.168,33.267,32.191,33.781,41.503,31.623,39.305,35.069,31.713,43.032,43.717,37.746,30.732,33.785,41.644,35.233,36.703,43.671,42.529,35.009,41.22,33.049,37.309,40.353,34.743,38.846,33.141,33.313,35.562,38.669,42.149,43.942,34.812,42.598,37.735,36.805,38.701,35.138,34.967,43.886,40.206,32.561,35.745,39.823,36.716,44.218,38.149,43.374,34.193,31.221,31.313,37.759,35.104,37.972,40.438,30.417,41.506,38.381,34.702,31.866,44.322,38.612,33.854,41.705,43.8,40.064,39.53,39.508,39.735,39.563,32.478,43.677,42.774,37.9,33.36,36.023,33.708,40.51,39.185,42.773,37.296,34.146,43.913,32.356,32.809,43.061,37.1,41.59,32.225,34.966,34.789,43.94,34.722,36.144,40.11,37.689,40.335,39.335,32.066,41.063,42.042,36.099,34.802,39.096,43.425,41.211,41.427,41.968,34.228,36.069,43.583,41.761,37.52,39.172,36.05,41.52,32.118,32.898,35.741,35.036,32.998,33.813,42.505,35.507,31.454,33.024,37.361,30.542,37.04,43.886,31.701,39.386,37.749,43.343,32.51,34.363,31.265,40.293
36.47,35.557,37.761,41.122,38.27,42.286,40.69,41.16,39.745,43.771,34.543,41.843,31.398,39.722,38.142,38.924,35.507,38.559,39.736,42.811,42.97,43.051,37.069,42.643,38.979,41.936,39.375,39.868,40.549,39.175,33.856,41.462,41.926,37.792,43.253,40.477,32.779,42.189,37.764,36.007,39.12,33.578,40.882,41.787,35.338,43.188,38.135,42.21,34.993,39.274,38.909,44.359,42.093,37.459,42.387,39.739,38.814,40.721,35.284,36.345,32.108,39.209,40.389,41.436,32.689,37.8,43.25,36.521,38.793,36.646,34.062,39.403,31.8,42.527,36.789,37.988,38.401,35.394,36.839,31.391,38.809,31.113,37.422,30.691,42.385,35.333,37.422,31.595,42.265,41.785,36.608,36.363,41.057,43.905,31.415,41.914,43.69,43.62,41.432,36.336,37.53,40.715,38.86,43.505,39.16,37.903,34.473,35.677,39.766,44.61,41.255,33.165,34.416,32.25,42.538,33.913,43.917,38.985,39.174,41.125,41,43.451,40.231,38.993,40.038,32.281,32.449,33.349,38.501,37.053,36,34.462,37.171,33.021,39.495,40.164,37.354,37.619,33.289,34.195,37.03,35.514,41.907,42.581,37.758,30.947,36.015,43.861,39.14,32.388,37.157,38.723,33.133,37.148,43.443,32.661,40.019,43.819,33.59,37.75,39.041,44.505,41.658,43.471,37.618,35.626,37.532,35.815,33.92,39.56,33.616,34.084,31.606,33.187,43.179,40.403,32.411,44.4,31.64,39.344,38.214,41.796,37.099,32.461,39.888,32.706,32.617,37.096,36.265,35.164,34.026,42.411,32.255,36.549,32.13,38.234,36.34,38.753,37.262,39.927
40.598,33.317,38.396,40.588,31.926,36.392,34.468,35.29,33.999,36.018,37.38,39.715,39.709,38.222,41.292,35.09,43.201,43.438,38.924,33.624,40.252,36.063,42.589,42.424,43.348,33.194,31.719,40.709,36.154,39.015,33.672,37.139,31.726,34.813,42.782,41.912,43.068,36.032,43.525,35.251,36.98,39.625,41.437,33.96,31.912,36.917,38.611,38.82,43.782,40.309,42.407,36.362,34.45,32.06,39.087,34.62,42.182,35.782,40.315,35.552,38.851,43.013,42.004,39.85,39.318,32.391,43.071,30.93,41.828,41.676,34.538,35.193,35.903,31.91,41.766,37.043,38.994,37.688,41.997,30.563,36.54,33.818,34.564,31.696,33.817,42.445,34.032,35.68,33.451,38.321,40.614,37.521,43.721,44.809,32.825,37.343,36.986,31.677,39.204,38.925,33.237,32.107,42.31,37.5,44.409,31.342,35.863,40.76,41.295,43.326,44.613,33.635,37.014,30.829,36.085,38.668,41.824,33.988,31.578,37.207,43.173,38.487,34.295,32.938,35.059,40.116,41.981,35.099,35.59,36.317,31.96,32.713,43.959,40.905,42.403,33.783,31.449,38.846,36.33,31.58,31.105,41.608,38.132,41.913,31.375,34.159,34.746,44.765,43.679,40.466,34.212,32.19,43.627,35.892,39.266,42.256,36.632,36.371,40.636,44.049,39.955,36.267,43.122,42.892,39.601,32.405,32.305,34.496,40.341,40.761,36.004,31.91,32.981,31.942,31.87,33.049,33.028,43.547,33.928,32.199,30.809,43.5,31.039,33.676,41.664,34.147,42.26,35.953,39.341,39.54,41.26,34.45,31.294,41.554,35.682,38.221,39.554,34.631,32.172,40.981
41.836,34.413,38.611,33.978,40.648,37.944,38.793,36.465,41.236,38.299,42.778,32.725,33.167,43.038,35.711,41.117,38.684,38.968,41.748,42.181,42.554,38.103,33.295,38.953,37.555,40.196,40.35,37.014,41.65,34.921,37.926,36.353,42.223,38.972,34.226,38.531,40.33,43.118,44.09,35.051,32.408,33.435,43.125,35.331,42.511,42.713,39.914,35.435,33.579,33.531,33.979,34.694,31.233,40.348,33.874,33.687,33.94,39.064,31.583,42.716,36.967,35.519,43.191,39.679,34.294,33.337,37.977,36.285,40.892,42.338,31.912,39.272,37.053,35.295,38.002,35.285,32.645,31.799,40.499,31.454,42.483,38.399,40.229,39.361,34.101,32.323,43.891,42.881,39.881,31.046,42.494,33.224,32.385,39.248,38.177,41.729,36.157,43.098,35.922,43.106,33.419,39.277,38.285,36.315,32.929,42.673,41.168,36.339,34.247,37.413,34.762,36.875,35.215,33.411,44.101,42.201,34.662,33.161,35.622,43.682,42.188,31.115,31.618,37.188,38.556,35.253,31.429,34.875,40.141,35.391,41.066,39.725,38.05,38.618,41.525,30.438,41.345,39.015,34.12,42.089,38.965,36.44,42.216,32.763,33.469,35.137,32.941,32.008,35.242,35.291,41.002,42.534,32.822,41.366,38.046,42.035,38.172,39.849,41.103,37.855,33.118,36.661,43.777,39.194,35.504,30.56,35.011,40.857,35.895,40.046,40.506,36.189,34.406,30.781,43.358,33.06,38.455,44.418,35.476,43.02,39.154,41.543,43.095,30.687,31.256,42.655,44.399,43.83,41.554,36.56,34.995,35.631,42.981,32.556,41.722,41.326,31.512,33.511,38.516,36.548
38.6,37.568,37.545,37.012,39.306,37.443,41.815,41.497,39.29,32.607,41.526,41.159,36.26,43.683,38.247,37.802,34.745,35.946,41.598,38.851,35.102,38.292,43.64,35.367,31.275,43.676,35.597,30.806,32.032,33.215,34.751,36.769,36.386,34.294,40.713,42.562,42.06,43.741,32.385,35.963,43.277,33.263,44.374,36.102,36.569,31.85,33.391,35.756,37.756,31.18,41.677,32.766,39.7,41.651,34.146,33.917,41.398,34.145,42.995,31.591,42.32,35.354,33.984,41.263,30.606,34.598,32.09,40.071,31.563,41.853,42.673,33.684,31.044,41.85,39.969,33.84,38.986,38.961,37.522,35.849,36.831,43.397,42.112,44.412,38.868,32.62,42.829,34.586,39.647,31.677,39.207,38.145,35.261,37.219,43.575,41.258,39.602,35.951,39.632,39.817,36.609,31.978,37.179,39.15,31.628,40.042,37.801,41.518,39.549,39.624,30.785,37.79,34.389,35.326,38.233,42.867,39.327,40.311,42.612,33.022,34.286,35.984,38.919,36.909,36.822,39.129,38.834,36.004,32.393,38.874,44.581,40.221,40.096,37.426,40.869,41.201,34.345,39.55,40.5,40.834,42.991,38.332,39.297,32.29,38.904,36.686,38.654,31.438,33.925,36.226,38.877,39.706,37.581,37.41,42.257,35.535,31.604,38.922,41.266,38.96,31.869,41.785,40.694,40.255,37.766,36.243,38.117,37.463,37.966,40.622,40.491,31.346,35.218,36.751,43.333,33.068,36.909,42.62,41.164,35.215,38.332,44.2,34.956,43.482,33.015,36.375,33.852,39.887,35.985,30.815,31.839,39.189,42.856,42.097,38.047,41.039,35.752,34.889,40.804,34.063
39.928,44.094,31.071,43.961,39.41,37.877,43.767,42.545,36.048,32.186,38.432,39.977,40.306,39.221,32.669,43.116,31.238,31.845,33.842,38.851,32.547,39.716,36.249,30.886,33.598,39.278,43.472,31.483,37.123,39.017,37.339,36.124,36.341,31.753,34.759,43.517,43.124,35.053,32.037,41.337,44.126,36.875,40.897,32.736,32.161,40.397,33.125,43.133,32.831,32.459,36.797,36.885,42.18,38.445,31.237,42.766,37.927,33.551,35.519,40.744,37.095,36.032,33.038,33.281,41.238,37.354,36.939,37.476,37.737,36.458,32.452,30.805,38.796,38.403,42.425,33.184,33.198,44.143,41.736,33.835,40.457,35.197,36.677,33.082,41.673,30.379,36.669,34.597,38.477,41.507,32.985,42.087,40.823,34.251,36.058,36.101,36.102,33.136,42.901,31.057,31.819,41.665,39.37,34.22,35.455,40.258,40.06,37.265,43.336,31.027,33.939,35.348,36.294,35.079,31.699,34.033,33.361,36.786,34.323,34.016,40.811,35.702,33.213,35.149,36.115,37.988,36.663,42.966,37.688,38.721,34.419,31.333,37.859,31.127,37.644,34.531,41.472,43.004,42.577,43.429,41.266,31.079,42.412,41.673,41.193,37.708,32.382,34.931,40.333,36.561,39.152,31.339,34.684,31.608,33.974,41.068,41.057,33.709,38.643,35.933,42.119,42.886,31.323,38.42,40.736,39.45,37.696,38.423,33.518,41.374,35.979,38.756,37.786,38.572,38.697,38.498,40.435,34.357,43.122,39.316,35.326,41.245,33.853,31.647,40.059,33.917,42.817,33.087,39.407,35.17,43.669,42.353,41.665,43.956,36.941,31.788,42.97,36.438,37.084,43.069
43.896,31.401,38.439,41.637,43.779,37.683,37.368,41.7,43.677,34.999,34.656,35.903,44.21,42.249,41.768,40.855,31.654,36.009,35.673,32.356,37.902,33.182,37.142,34.466,33.284,35.006,32.39,39.182,35.551,42.172,37.102,42.089,37.531,32.955,38.758,34.094,33.045,38.332,37.693,36.378,42.009,38.062,44.248,38.289,33.17,40.322,30.439,32.519,39.764,30.693,43.624,39.223,41.431,34.947,37.235,31.534,41.166,41.615,38.095,34.755,39.146,31.198,42.917,37.731,35.72,34.815,34.593,32.713,33.373,31.793,33.897,40.96,41.447,35.637,41.294,30.945,37.735,37.097,44.153,30.451,40.869,41.185,32.865,41.235,36.593,41.313,34.099,33.936,41.493,32.209,32.751,33.595,38.048,30.896,35.9,37.571,35.179,40.899,35.575,34.702,32.33,41.175,32.235,39.461,38.33,32.986,33.789,33.364,38.705,38.085,40.061,42.511,35.079,33.413,41.025,31.737,35.608,38.131,37.796,41.156,42.368,33.008,33.352,38.847,36.266,37.426,31.176,42.351,40.014,37.476,43.866,39.109,41.135,30.676,37.799,32.076,36.381,36.135,32.483,37.717,34.807,34.716,40.562,43.357,32.208,39.203,34.488,42.347,35.375,37.542,42.223,39.223,33.682,42.954,37.515,37.619,41.873,34.383,34.223,42.454,43.245,39.178,41.612,38.569,40.579,31.364,35.665,36.214,31.287,44.019,36.437,39.127,38.346,38.748,42.9,37.6,44.515,38.419,39.196,42.894,39.744,39.294,37.124,33.428,36.31,32.614,36.413,38.724,38.808,43.804,41.473,32.783,35.297,34.656,41.855,42.561,34.749,32.499,36.835,43.887
44.375,31.495,36.776,39.768,39.398,35.572,31.635,36.097,38.306,42.304,31.953,43.733,42.632,35.303,41.86,37.482,34.513,39.514,42.517,34.638,32.414,32.493,42.244,31.181,38.792,34.008,36.12,36.139,42.718,39.357,36.742,43.633,36.056,39.96,31.316,38.814,42.937,43.202,41.532,36.317,36.996,39.474,41.074,38.109,39.025,41.759,33.911,35.982,41.793,30.912,33.546,36.623,34.489,33.125,32.569,38.064,32.797,43.778,39.107,38.718,32.814,41.849,43.127,34.883,40.989,32.641,35.91,37.697,35.48,30.536,41.276,37.452,40.551,43.569,32.549,32.966,32.404,33.274,44.571,32.632,38.91,33.587,35.061,41.048,32.358,31.801,42.731,41.061,42.707,41.534,43.056,43.78,36.401,37.535,43.403,37.335,31.809,39.78,37.686,39.883,30.335,40.847,41.98,37.681,42.305,42.657,41.937,37.648,43.091,35.421,40.14,39.753,34.033,33.881,31.665,38.974,39.173,42.407,36.895,31.571,40.981,31.526,42.474,38.888,37.747,37.585,33.961,38.732,37.786,31.807,40.22,39.087,33.882,42.189,41.203,41.528,31.048,43.047,38.036,34.73,32.788,33.91,40.357,38.768,38.801,32.803,36.557,33.779,33.862,36.327,39.456,40.404,38.178,40.941,37.318,39.699,40.561,31.744,43.049,35.223,43.898,38.562,38.48,40.156,36.398,33.27,32.534,32.631,36.074,34.854,41.044,39.224,38.259,34.829,31.889,34.867,36.793,37.128,34.572,44.128,35.65,43.341,37.974,31.645,31.723,42.444,39.409,39.119,42.324,41.955,32.766,38.623,37.561,37.574,42.927,40.001,33.138,32.414,36.34,40.035
41.441,31.742,33.249,34.249,41.616,37.532,37.912,38.093,33.911,35.352,38.112,40.598,41.667,43.474,33.24,42.474,41.323,40.216,37.167,40.185,34.249,31.41,38.246,40.209,37.652,39.716,32.941,38.248,31.498,36.08,43.405,38.337,32.604,35.622,30.141,40.252,31.277,32.434,36.412,43.538,39.929,35.103,38.767,30.899,39.464,32.054,42.472,34.076,37.045,42.453,43.422,38.817,42.631,38.717,30.598,39.61,40.288,39.168,33.898,38.337,35.727,44.049,41.774,41.778,37.614,40.588,41.366,36.037,41.701,36.012,43.354,41.217,33.235,35.624,31.221,32.832,43.273,35.093,33.165,34.228,35.282,37.834,31.105,39.849,38.369,39.561,32.652,38.034,44.473,44.037,34.801,40.65,37.698,31.5,41.727,42.121,42.418,44.286,36.386,32.26,41.6,35.089,35.302,36.143,35.071,38.697,38.618,35.747,37.145,37.988,36.823,42.015,32.374,42.65,36.634,32.122,32.963,36.226,36.295,39.726,41.408,33.993,39.456,43.013,38.035,32.708,34.909,41.994,40.934,40.67,32.354,44.361,42.955,39.854,37.778,33.278,34.907,39.786,36.531,42.909,40.202,40.612,36.707,32.977,44.047,35.951,30.763,33.048,30.977,34.458,33.816,40.271,43.166,35.738,43.595,35.795,33.672,38.756,31.827,32.216,39.492,39.196,43.374,36.095,32.25,31.073,43.601,31.284,31.567,36.654,31.578,33.944,32.236,42.938,31.366,38.894,39.949,32.632,33.259,34.645,43.991,33.894,31.298,38.938,30.378,31.963,36.319,35.5,41.501,37.596,40.286,33.753,36.091,39.149,31.862,41.829,34.02,31.822,40.249,35.093
39.27,39.705,39.121,31.357,38.959,36.506,34.989,33.563,39.641,30.667,37.957,35.034,34.007,34.24,39.82,34.701,41.178,31.611,39.776,32.531,33.53,34.875,35.254,37.003,38.563,40.7,40.168,37.283,41.414,31.752,43.236,40.471,37.744,37.481,36.226,35.088,35.23,33.021,30.947,43.962,37.009,32.188,40.601,40.727,36.49,41.247,43.469,36.304,40.98,36.262,32.313,33.143,40.106,32.381,35.898,37.831,32.841,43.739,43.228,32.163,36.38,41.043,34.035,39.122,33.963,33.856,37.693,35.948,33.836,43.874,33.108,40.899,43.588,42.462,42.359,42.131,42.257,40.673,34.465,30.449,36.117,35.655,38.083,33.65,37.39,36.463,33.706,41.952,34.361,41.377,43.107,37.371,37.54,35.07,40.09,38.057,31.737,31.662,33.824,37.094,43.735,36.021,37.37,43.519,32.539,42.404,42.885,40.145,37.595,42.493,42.677,39.76,39.718,40.63,39.097,35.093,32.979,39.666,40.529,38.399,35.931,43.064,41.03,35.014,32.495,36.034,35.098,37.997,38.688,41.775,43.305,37.246,32.337,31.186,34.655,42.949,34.18,35.355,43.884,33.539,40.854,39.721,36.967,38.392,42.215,40.406,36.331,37.189,41.031,33.706,30.972,40.078,44.659,41.324,38.229,33.255,34.206,43.672,38.744,37.215,35.733,38.311,35.82,42.655,31.617,35.829,32.05,39.482,36.477,38.088,35.931,37.147,36.213,40.802,41.79,38.822,34.856,35.533,43.572,40.525,31.403,33.581,35.847,37.764,39.862,32.879,35.567,36.226,36.785,37.131,36.191,36.414,35.458,35.607,33.251,38.766,42.133,43.27,39.418,39.054
36.386,35.354,31.792,31.219,39.435,35.922,37.948,40.985,40.303,38.096,43.198,44.022,38.696,30.867,32.443,32.893,35.412,37.915,32.407,40.666,39.832,41.802,36.349,31.032,33.981,41.001,34.765,35.742,41.154,38.182,34.846,32.635,37.251,42.704,35.026,32.391,37.705,36.903,36.067,35.562,37.631,32.222,34.439,41.718,33.271,37.286,42.257,31.959,39.362,31.771,43.126,34.522,31.243,43.33,36.655,36.464,30.788,38.734,36.912,35.282,36.416,40.849,30.99,43.029,35.714,37.191,34.792,36.978,38.136,42.044,35.293,39.38,40.693,35.265,40.305,33.976,32.061,33.266,41.318,33.687,34.561,35.696,39.704,40.063,43.875,39.899,42.276,34.007,35.535,42.683,43.683,34.971,41.856,34.593,38.676,34.131,37.186,34.059,37.86,39.914,33.118,36.076,34.566,32.25,41.456,37.04,41.744,36.478,37.243,44.062,42.062,33.491,40.404,32.132,35.326,39.98,43.266,33.441,31.415,44.322,38.251,32.765,36.862,41.971,37.05,39.416,38.108,40.818,32.638,32.726,33.729,32.63,37.24,40.235,39.993,34.641,31.03,31.362,32.29,34.143,31.697,42.329,43.682,43.586,33.761,33.242,38.012,31.875,37.41,41.068,40.61,41.617,34.388,31.251,44.035,38.225,38.943,37.113,32.255,38.343,43.941,43.799,35.285,37.708,34.331,40.025,31.626,39.041,37.151,36.569,41.977,34.407,36.841,36.509,35.145,41.676,34.928,42.708,38.951,40.26,36.688,42.586,42.281,32.162,32.328,32.268,34.565,41.291,42.729,34.878,40.806,34.409,35.661,38.913,35.555,42.239,40.278,42.011,37.922,43.578
42.825,43.068,33.559,42.032,37.742,41.949,37.472,37.052,43.699,39.432,38.574,36.751,38.635,41.653,33.385,31.59,36.508,42.031,34.029,42.073,39.375,34.699,40.415,37.714,38.528,39.037,39.546,41.271,40.715,38.56,43.143,37.142,35.053,38.474,40.214,43.46,42.545,34.072,35.336,32.422,42.541,39.601,30.454,40.902,35.305,41.208,43.968,41.14,37.267,41.667,37.68,33.286,35.259,44.004,36.445,43.251,35.61,37.617,38.937,41.866,43.115,32.508,35.692,43.143,38.425,38.968,37.174,41.456,32.492,40.542,33.556,40.019,32.455,35.708,36.012,33.861,35.825,37.353,43.494,43.611,40.535,35.057,35.575,31.263,35.541,41.219,39.573,30.953,36.324,44.319,40.387,33.811,38.624,38.656,35.163,31.027,39.867,36.568,34.318,40.031,42.101,34.111,34.85,42.997,34.964,30.709,42.257,41.949,40.962,42.658,43.092,31.602,32.857,39.945,35.897,34.022,34.533,37.223,35.584,40.23,32.593,34.896,33.66,39.949,41.018,32.883,39.878,34.428,40.788,39.068,37.382,39.592,38.076,38.66,34.98,40.289,31.623,40.582,31.772,42.714,33.492,40.356,42.516,43.243,35.925,33.609,43.879,43.086,34.62,43.781,39.782,33.054,30.488,39.255,33.097,32.902,35.757,36.204,39.563,43.454,31.405,33.542,42.721,41.214,43.569,36.128,38.532,34.307,34.455,32.99,33.644,36.445,35.496,40.936,43.251,37.579,43.02,41.368,37.27,40.719,41.194,35.947,43.718,43.128,35.991,34.775,35.793,42.802,44.376,38.674,43.466,38.161,40.874,39.379,37.648,32.237,43.489,41.667,36.538,34.357
36.782,33.861,41.995,31.899,36.469,40.839,35.797,35.724,36.279,39.735,32.395,35.368,36.987,33.241,30.746,34.944,42.973,32.603,40.625,34.789,42.603,37.523,39.841,30.828,38.426,35.041,35.138,41.986,42.224,42.884,44.695,39.89,38.54,33.069,35.783,33.721,42.457,40.411,39.707,38.047,37.211,37.329,33.732,44.475,30.89,40.982,42.741,43.64,41.288,33.605,40.345,32.731,38.328,39.8,35.098,37.6,40.819,39.387,44.114,43.633,33.208,36.605,37.771,34.971,42.717,40.317,32.979,40.399,38.618,35.143,34.533,33.239,41.138,39.438,41.127,43.717,37.73,32.285,41.919,41.822,38.052,41.232,35.648,36.406,38.134,43.877,34.994,39.532,34.125,35.72,38.272,36.713,41.267,31.444,33.056,31.706,44.21,30.907,41.504,36.116,33.584,34.841,41.33,33.381,31.348,37.62,34.866,41.474,32.831,39.95,38.253,39.202,42.777,42.313,31.451,35.51,37.285,39.401,38.938,33.651,43.744,42.42,42.119,40.618,36.034,38.668,31.13,38.259,32.135,35.844,42.975,34.473,36.697,39.134,35.85,40.899,36.591,32.966,41.508,38.181,33.039,32.715,33.194,31.905,38.955,36.413,37.009,39.996,40.376,34.258,36.534,30.442,31.417,35.53,39.787,33.007,38.225,32.386,42.416,44.182,37.552,41.018,33.968,44.029,34.621,34.898,42.096,40.621,30.768,31.845,31.882,36.198,36.494,44.352,32.532,35.81,40.773,42.455,36.181,41.665,41.294,37.899,38.457,33.868,42.575,35.629,32.54,42.641,33.112,35.579,36.189,43.343,35.847,35.025,40.083,32.729,35.3,31.581,35.219,31.958
40.38,38.36,39.286,33.798,38.159,36.336,40.696,39.52,34.27,43.387,38.981,36.172,31.118,37.014,34.908,39.161,39.119,41.864,36.633,33.264,40.832,33.763,37.045,41.073,31.519,31.295,38.21,33.04,37.396,34.997,39.887,36.649,32.152,37.487,40.836,35.466,40.491,33.909,37.57,35.351,36.863,39.047,43.813,41.282,35.051,36.921,41.943,40.766,44.337,35.058,33.075,36.228,31.873,34.597,35.174,42.053,34.705,38.398,35.847,39.286,42.491,33.164,37.562,42.642,40.583,38.667,43.113,35.231,40.048,43.039,42.938,35.763,44.609,40.653,31.17,33.179,32.966,42.372,34.868,38.275,41.118,32.259,33.096,32.459,32.572,36.973,35.658,40.718,37.879,35.778,34.367,40.451,42.212,35.217,32.668,30.457,39.538,43.455,39.429,34.54,41.226,31.966,31.7,31.335,43.106,32.446,35.904,34.885,39.217,37.165,41.538,44.164,31.691,35.755,33.122,36.906,38.138,33.389,35.618,35.017,40.095,38.667,34.611,43.998,39.268,36.493,40.45,38.655,43.678,36.697,39.356,41.202,43.35,39.568,38.676,44.409,34.189,43.273,42.058,31.723,33.921,40.704,43.516,34.362,39.445,33.893,33.321,40.215,43.076,41.791,43.849,39.271,42.373,37.794,37.645,39.552,38.004,34.412,34.52,43.783,39.382,43.499,38.724,35.034,40.658,31.209,38.101,31.629,40.559,38.014,34.399,32.738,38.099,42.869,43.533,31.7,31.975,43.373,43.082,40.471,40.251,39.286,35.61,41.187,31.543,43.011,32.409,44.698,41.371,41.233,34.582,32.07,35.677,43.877,34.903,30.27,41.357,36.271,31.742,35.076
34.798,42.168,38.259,43.052,38.362,35.276,34.944,43.639,33.386,37.111,38.073,38.714,34.032,43.063,32.082,32.689,36.565,38.941,33.489,43.781,38.012,42.761,37.499,38.098,43.229,40.784,30.894,34.43,38.217,36.755,38.116,31.234,41.358,42.883,38.085,40.627,40.185,34.889,36.787,37.087,40.212,36.795,38.622,39.967,34.996,36.351,36.729,31.717,35.493,34.867,40.658,30.827,35.344,34.2,33.605,33.404,39.391,37.535,35.711,39.595,31.659,38.625,41.224,36.377,42.319,41.246,36.783,36.403,32.267,40.337,33.358,41.646,44.733,34.654,34.86,38.5,40.037,44.224,33.647,37.293,39.94,37.723,30.564,36.055,36.574,38.181,43.628,43.076,41.98,42.076,36.632,38.046,41.811,40.899,37.421,42.31,33.351,42.279,31.76,37.503,32.811,31.382,40.072,31.852,35.202,40.6,40.513,40.319,36.548,42.479,44.342,38.822,42.306,34.14,36.043,30.902,39.984,36.61,43.564,34.356,34.204,42.402,39.324,39.018,43.732,33.584,36.478,37.579,39.214,43.195,42.73,40.028,34.906,40.605,41.897,34.197,33.241,31.437,43.796,39.364,37.19,36.23,38.924,41.478,35.759,42.847,42.597,37.401,41.001,36.983,39.025,31.255,37.401,42.201,42.681,36.918,38.688,30.695,40.561,41.258,42.88,37.648,37.523,31.682,39.085,33.234,32.119,34.838,32.183,39.329,40.47,36.62,39.891,32.478,40.262,37.097,38.562,40.767,42.234,38.03,41.504,34.094,43.14,44.102,35.247,39.945,42.093,32.407,41.124,35.899,30.79,34.429,41.272,42.779,35.766,40.625,43.291,31.226,41.584,38.765
