0,0,0,0,0,0,0,0,0,0,0,0,0,0,0,0,0,0,0,0,0,0,0,0,0,0,0,0,0,0,0,0,0,0,0,0,0,0,0,0,0,0,0,0,0,0,0,0,0,0,0,0,0,0,0,0,0,0,0,0,0,0,0,0,0,0,0,0,0,0,0,0,0,0,0,0,0,0,0,0,0,0,0,0,0,0,0,0,0,0,0,0,0,0,0,0,0,0,0,0,0,0,0,0,0,0,0,0,0,0,0,0,0,0,0,0,0,0,0,0,0,0,0,0,0,0,0,0,0,0,0,0,0,0,0,0,0,0,0,0,0,0,0,0,0,0,0,0,0,0,0,0,0,0,0,0,0,0,0,0,0,0,0,0,0,0,0,0,0,0,0,0,0,0,0,0,0,0,0,0,0,0,0,0,0,0,0,0,0,0,0,0,0,0,0,0,0,0,0,0
8.6793,8.6822,8.6823,8.6823,8.6823,8.6823,8.6822,8.6823,8.6823,8.6823,8.6823,8.6823,8.6823,8.6823,8.6823,8.6823,8.6823,8.6823,8.6823,8.6823,8.6823,8.6823,8.6822,8.6823,8.6823,8.6823,8.6823,8.6823,8.6823,8.6823,8.6822,8.6823,8.6822,8.6823,8.6823,8.6823,8.6823,8.6822,8.6823,8.6823,8.6823,8.6823,8.6823,8.6822,8.6822,8.6823,8.6822,8.6822,8.6823,8.6823,8.6823,8.6822,8.6822,8.6822,8.6822,8.6823,8.6823,8.6823,8.6823,8.6823,8.6823,8.6823,8.6823,8.6822,8.6823,8.6823,8.6823,8.6822,8.6823,8.6823,8.6822,8.6823,8.6823,8.6823,8.6823,8.6823,8.6822,8.6823,8.6823,8.6823,8.6822,8.6822,8.6823,8.6823,8.6823,8.6823,8.6822,8.6823,8.6823,8.6823,8.6823,8.6823,8.6822,8.6823,8.6822,8.6823,8.6823,8.6823,8.6822,8.6823,8.6823,8.6823,8.6822,8.6823,8.6823,8.6823,8.6823,8.6823,8.6822,8.6823,8.6823,8.6823,8.6822,8.6823,8.6823,8.6823,8.6823,8.6822,8.6822,8.6823,8.6823,8.6823,8.6822,8.6823,8.6823,8.6822,8.6823,8.6823,8.6822,8.6822,8.6823,8.6822,8.6823,8.6823,8.6823,8.6823,8.6822,8.6823,8.6823,8.6822,8.6823,8.6823,8.6822,8.6823,8.6823,8.6823,8.6822,8.6822,8.6823,8.6823,8.6823,8.6822,8.6822,8.6823,8.6823,8.6822,8.6823,8.6822,8.6823,8.6823,8.6823,8.6823,8.6822,8.6823,8.6823,8.6823,8.6823,8.6822,8.6823,8.6822,8.6823,8.6823,8.6823,8.6822,8.6823,8.6823,8.6823,8.6823,8.6823,8.6822,8.6822,8.6822,8.6823,8.6823,8.6822,8.6822,8.6823,8.6822,8.6823,8.6822,8.6823,8.6822,8.6823,8.6823,8.6823,8.6822,8.6822,8.6823,8.6823,8.6822
13.999,14.032,14.018,14.13,13.981,14.113,13.954,13.969,13.944,14.05,14.127,14.015,14.135,14.05,13.946,14.063,14.104,14.062,14.076,14.096,14.106,13.991,14.069,14.046,14.103,14.013,14.093,14.103,14.04,14.069,13.943,14.085,14.089,13.987,14.049,14.059,14.129,14.072,14.008,14.114,14.134,14.135,14.055,14.011,13.955,14.099,14.13,13.992,14.032,14.034,13.979,14.054,13.946,13.998,14.021,13.943,14.041,13.954,14.003,14.074,13.986,14.107,14.053,13.996,14.048,13.979,14.13,14.107,13.944,13.957,13.985,14.142,14.125,13.951,14.055,14.004,14.008,13.97,14.044,13.944,13.957,13.969,14.004,13.951,13.946,14.115,14.057,14.135,14.073,14.098,14.099,13.992,13.986,14.123,14.022,13.981,13.942,14.123,14.094,14.079,14.031,13.961,13.941,13.977,13.996,14.033,14.064,14.084,14.138,14.04,14.106,14.071,14.1,14.011,14.077,14.127,13.997,13.992,14.023,13.959,13.953,13.988,14.041,14.045,14.086,13.945,13.978,14.108,14.11,13.97,14.088,13.964,14.004,14.123,14.097,13.995,13.951,14.104,14.126,14.041,14.083,13.946,14.075,14.034,13.991,13.993,14.032,14.05,14.11,13.942,14.066,14.037,14.001,14.052,14.139,13.973,13.956,14.122,13.97,14.109,14.087,14.019,14.111,14.099,14.014,14.115,14.088,14.054,14.011,14.045,13.986,14.044,14.081,14.003,13.993,13.977,14.142,14.061,14.038,13.973,14.117,13.997,14.089,14.099,14.041,14.032,13.997,14.097,14.098,14.038,13.976,14.128,14.022,14.09,13.983,13.995,14.142,14.088,13.96,13.974
19.378,19.268,19.303,19.481,19.385,19.538,19.249,19.318,19.249,19.398,19.506,19.445,19.462,19.443,19.24,19.434,19.449,19.349,19.47,19.451,19.483,19.356,19.382,19.357,19.469,19.26,19.417,19.427,19.322,19.367,19.347,19.483,19.445,19.226,19.326,19.306,19.447,19.319,19.298,19.412,19.449,19.555,19.485,19.379,19.313,19.379,19.423,19.234,19.353,19.326,19.249,19.481,19.317,19.399,19.346,19.346,19.401,19.294,19.383,19.409,19.298,19.362,19.366,19.299,19.406,19.257,19.439,19.5,19.215,19.29,19.235,19.478,19.54,19.205,19.399,19.286,19.301,19.213,19.457,19.178,19.365,19.315,19.254,19.202,19.204,19.471,19.294,19.502,19.411,19.437,19.334,19.41,19.296,19.386,19.451,19.393,19.265,19.524,19.423,19.381,19.302,19.297,19.267,19.293,19.296,19.357,19.461,19.417,19.509,19.365,19.478,19.47,19.415,19.274,19.328,19.4,19.382,19.241,19.396,19.295,19.371,19.399,19.402,19.435,19.417,19.335,19.265,19.486,19.5,19.383,19.325,19.249,19.291,19.511,19.393,19.361,19.221,19.409,19.397,19.276,19.322,19.209,19.426,19.369,19.25,19.246,19.449,19.436,19.428,19.233,19.344,19.412,19.344,19.465,19.411,19.23,19.211,19.503,19.399,19.476,19.443,19.267,19.546,19.473,19.308,19.473,19.518,19.369,19.325,19.313,19.221,19.323,19.505,19.372,19.291,19.284,19.485,19.349,19.288,19.374,19.394,19.307,19.465,19.361,19.379,19.35,19.392,19.354,19.425,19.445,19.354,19.382,19.263,19.379,19.318,19.29,19.449,19.488,19.253,19.251
24.59,24.481,24.557,24.886,24.641,24.87,24.611,24.549,24.565,24.612,24.771,24.667,24.813,24.763,24.574,24.803,24.767,24.558,24.796,24.694,24.766,24.657,24.726,24.744,24.751,24.491,24.668,24.763,24.609,24.738,24.625,24.695,24.663,24.473,24.682,24.704,24.747,24.548,24.691,24.727,24.699,24.871,24.746,24.689,24.673,24.734,24.751,24.585,24.603,24.569,24.468,24.781,24.587,24.698,24.563,24.722,24.717,24.563,24.723,24.701,24.511,24.734,24.664,24.664,24.816,24.473,24.829,24.769,24.46,24.668,24.536,24.714,24.83,24.6,24.741,24.624,24.57,24.428,24.863,24.447,24.648,24.685,24.537,24.432,24.429,24.795,24.594,24.828,24.761,24.824,24.553,24.666,24.527,24.746,24.686,24.737,24.645,24.863,24.689,24.601,24.586,24.642,24.545,24.604,24.542,24.647,24.721,24.723,24.873,24.586,24.72,24.822,24.629,24.626,24.662,24.635,24.609,24.638,24.722,24.602,24.628,24.788,24.74,24.751,24.811,24.582,24.494,24.782,24.891,24.625,24.534,24.486,24.646,24.831,24.62,24.659,24.555,24.78,24.747,24.67,24.72,24.533,24.766,24.756,24.642,24.491,24.729,24.782,24.689,24.519,24.664,24.715,24.66,24.838,24.622,24.551,24.551,24.749,24.77,24.854,24.727,24.578,24.762,24.807,24.627,24.787,24.907,24.629,24.541,24.601,24.6,24.631,24.904,24.637,24.53,24.649,24.842,24.566,24.655,24.702,24.687,24.641,24.871,24.728,24.783,24.631,24.744,24.564,24.656,24.713,24.689,24.666,24.631,24.742,24.644,24.555,24.761,24.892,24.581,24.527
29.932,29.696,29.767,30.268,29.887,30.219,29.91,29.904,29.905,29.908,30.083,29.946,30.191,30.086,29.871,30.146,30.007,29.901,30.175,30.027,30.058,29.999,30.104,30.086,30.007,29.802,30.019,29.992,29.917,30.101,29.934,29.978,30.041,29.783,29.99,29.948,29.948,29.8,30.03,30,29.981,30.253,29.931,30.049,29.912,30.099,30.105,29.87,29.85,29.878,29.819,30.039,29.906,29.909,29.908,29.992,29.923,29.898,30.034,29.947,29.712,30.105,29.929,30.025,30.011,29.678,30.046,30.048,29.74,29.871,29.753,29.981,30.192,29.904,30.002,29.829,29.852,29.668,30.195,29.731,30.016,30.036,29.726,29.754,29.794,30.144,29.825,30.02,30.147,30.203,29.822,29.9,29.897,30.09,29.967,30.008,30.019,30.149,29.906,29.948,29.806,29.91,29.901,29.844,29.876,30.003,29.918,29.948,30.208,29.96,30.089,30.191,29.984,29.859,30.02,29.887,29.89,29.851,30.014,29.927,29.971,30.111,29.931,30.019,30.088,29.865,29.698,30.097,30.174,29.85,29.811,29.843,30.002,30.097,29.845,30.016,29.766,30.062,30.085,29.982,30.028,29.778,30.128,29.995,29.966,29.808,29.916,30.022,29.914,29.874,29.987,30.015,29.878,30.059,29.81,29.805,29.783,29.934,30.121,30.228,30.016,29.82,29.957,30.059,29.935,29.98,30.273,29.864,29.911,29.878,29.8,29.853,30.245,29.921,29.853,29.946,30.058,29.823,30.011,30.02,29.947,29.873,30.232,29.975,30.045,30.006,30.006,29.75,29.948,29.925,30.056,30.038,29.93,30.068,29.865,29.933,30.129,30.267,29.8,29.778
32.739,32.864,32.808,32.728,32.736,32.836,32.776,32.746,32.712,32.826,32.872,32.725,32.845,32.74,32.86,32.717,32.799,32.844,32.883,32.865,32.783,32.854,32.873,32.685,32.795,32.768,32.809,32.86,32.736,32.691,32.767,32.683,32.701,32.766,32.864,32.858,32.835,32.737,32.743,32.707,32.811,32.759,32.716,32.755,32.683,32.751,32.701,32.833,32.708,32.709,32.799,32.852,32.868,32.789,32.851,32.744,32.818,32.848,32.702,32.851,32.816,32.861,32.835,32.841,32.754,32.825,32.705,32.857,32.87,32.805,32.77,32.727,32.757,32.828,32.696,32.797,32.702,32.815,32.81,32.763,32.745,32.804,32.781,32.846,32.835,32.69,32.772,32.699,32.785,32.846,32.771,32.721,32.801,32.874,32.757,32.878,32.758,32.829,32.73,32.746,32.734,32.813,32.697,32.781,32.715,32.75,32.693,32.729,32.868,32.82,32.692,32.737,32.719,32.846,32.749,32.706,32.865,32.772,32.752,32.855,32.836,32.761,32.81,32.796,32.818,32.709,32.81,32.792,32.732,32.725,32.741,32.816,32.847,32.763,32.851,32.799,32.847,32.757,32.682,32.761,32.733,32.722,32.771,32.824,32.713,32.837,32.864,32.71,32.808,32.806,32.678,32.782,32.767,32.808,32.677,32.873,32.811,32.812,32.824,32.793,32.828,32.739,32.679,32.843,32.843,32.843,32.767,32.686,32.845,32.713,32.68,32.764,32.749,32.72,32.789,32.763,32.78,32.679,32.687,32.842,32.672,32.832,32.784,32.803,32.741,32.853,32.728,32.843,32.729,32.708,32.789,32.752,32.741,32.832,32.741,32.762,32.824,32.744,32.86,32.743
32.881,32.895,32.936,32.909,32.753,32.803,32.83,32.875,32.771,32.848,32.887,32.766,32.857,32.92,32.914,32.789,32.835,32.823,32.809,32.82,32.842,32.799,32.932,32.796,32.794,32.759,32.914,32.775,32.864,32.765,32.941,32.784,32.806,32.83,32.856,32.94,32.841,32.909,32.774,32.901,32.774,32.798,32.942,32.804,32.91,32.933,32.913,32.933,32.887,32.943,32.833,32.852,32.828,32.896,32.817,32.767,32.845,32.821,32.845,32.856,32.938,32.868,32.932,32.908,32.844,32.868,32.896,32.847,32.856,32.93,32.836,32.848,32.832,32.797,32.747,32.946,32.916,32.886,32.792,32.769,32.941,32.788,32.78,32.872,32.923,32.766,32.761,32.883,32.871,32.871,32.904,32.906,32.945,32.914,32.937,32.868,32.824,32.882,32.811,32.925,32.935,32.777,32.881,32.773,32.801,32.784,32.918,32.821,32.913,32.824,32.775,32.817,32.929,32.838,32.826,32.785,32.878,32.797,32.852,32.807,32.827,32.816,32.91,32.799,32.795,32.765,32.851,32.844,32.752,32.802,32.822,32.843,32.95,32.787,32.771,32.862,32.96,32.785,32.767,32.918,32.824,32.794,32.877,32.851,32.946,32.921,32.887,32.815,32.815,32.958,32.827,32.753,32.933,32.877,32.876,32.95,32.854,32.792,32.769,32.867,32.85,32.791,32.92,32.848,32.826,32.821,32.846,32.926,32.795,32.865,32.756,32.781,32.881,32.935,32.956,32.88,32.805,32.849,32.776,32.932,32.78,32.792,32.792,32.854,32.932,32.87,32.798,32.826,32.871,32.81,32.76,32.848,32.936,32.834,32.902,32.943,32.798,32.944,32.857,32.91
32.901,32.788,32.809,32.807,32.882,32.823,32.795,32.88,32.813,32.918,32.878,32.838,32.767,32.79,32.864,32.87,32.901,32.789,32.928,32.774,32.785,32.899,32.796,32.767,32.81,32.78,32.885,32.773,32.819,32.771,32.94,32.916,32.856,32.905,32.895,32.93,32.896,32.93,32.806,32.782,32.888,32.847,32.907,32.813,32.884,32.789,32.881,32.842,32.914,32.799,32.945,32.83,32.865,32.947,32.849,32.771,32.779,32.895,32.955,32.926,32.873,32.916,32.931,32.793,32.782,32.823,32.815,32.873,32.842,32.932,32.886,32.792,32.868,32.76,32.939,32.773,32.914,32.959,32.922,32.752,32.829,32.866,32.793,32.953,32.879,32.842,32.801,32.805,32.811,32.881,32.867,32.892,32.941,32.797,32.889,32.775,32.8,32.881,32.901,32.878,32.834,32.875,32.895,32.851,32.934,32.949,32.903,32.932,32.83,32.921,32.765,32.887,32.869,32.806,32.928,32.772,32.951,32.805,32.827,32.766,32.782,32.759,32.894,32.934,32.91,32.799,32.898,32.785,32.769,32.789,32.96,32.959,32.922,32.873,32.766,32.868,32.774,32.847,32.796,32.852,32.761,32.757,32.853,32.782,32.889,32.831,32.857,32.913,32.824,32.871,32.842,32.854,32.9,32.857,32.803,32.775,32.931,32.881,32.895,32.904,32.883,32.946,32.857,32.937,32.935,32.768,32.763,32.865,32.832,32.898,32.897,32.924,32.824,32.921,32.948,32.939,32.88,32.949,32.82,32.882,32.812,32.828,32.789,32.78,32.845,32.911,32.813,32.862,32.946,32.833,32.868,32.923,32.771,32.848,32.834,32.806,32.795,32.849,32.922,32.853
32.934,32.901,32.828,32.923,32.761,32.891,32.903,32.9,32.815,32.903,32.807,32.893,32.919,32.945,32.936,32.782,32.94,32.943,32.913,32.931,32.848,32.866,32.933,32.82,32.912,32.823,32.86,32.91,32.772,32.759,32.785,32.804,32.82,32.905,32.855,32.881,32.847,32.802,32.768,32.79,32.789,32.798,32.898,32.884,32.888,32.85,32.796,32.838,32.803,32.784,32.92,32.797,32.83,32.834,32.795,32.818,32.84,32.954,32.863,32.805,32.834,32.879,32.863,32.794,32.938,32.809,32.934,32.963,32.872,32.812,32.907,32.882,32.801,32.866,32.765,32.926,32.859,32.772,32.864,32.868,32.873,32.795,32.83,32.874,32.868,32.831,32.939,32.954,32.763,32.827,32.884,32.854,32.85,32.825,32.845,32.861,32.866,32.84,32.957,32.821,32.96,32.768,32.88,32.844,32.918,32.943,32.959,32.921,32.85,32.923,32.874,32.906,32.824,32.923,32.824,32.842,32.813,32.766,32.798,32.879,32.764,32.783,32.794,32.785,32.792,32.868,32.837,32.757,32.767,32.901,32.796,32.942,32.807,32.79,32.901,32.895,32.785,32.793,32.79,32.782,32.898,32.793,32.886,32.931,32.823,32.815,32.832,32.873,32.883,32.959,32.796,32.813,32.822,32.802,32.886,32.908,32.918,32.942,32.922,32.959,32.783,32.903,32.864,32.846,32.965,32.858,32.774,32.945,32.844,32.898,32.899,32.78,32.83,32.781,32.874,32.946,32.925,32.895,32.813,32.956,32.924,32.936,32.888,32.937,32.936,32.838,32.769,32.937,32.872,32.779,32.856,32.897,32.928,32.948,32.927,32.797,32.927,32.859,32.781,32.773
32.824,32.765,32.941,32.939,32.822,32.916,32.9,32.949,32.809,32.832,32.932,32.778,32.84,32.769,32.77,32.828,32.891,32.773,32.954,32.927,32.774,32.794,32.904,32.864,32.831,32.787,32.761,32.882,32.808,32.863,32.806,32.837,32.807,32.965,32.773,32.958,32.8,32.82,32.827,32.785,32.766,32.929,32.859,32.803,32.922,32.874,32.819,32.82,32.877,32.898,32.872,32.81,32.851,32.939,32.939,32.867,32.756,32.85,32.886,32.793,32.834,32.768,32.818,32.892,32.776,32.794,32.96,32.869,32.813,32.933,32.791,32.911,32.889,32.821,32.88,32.962,32.879,32.801,32.885,32.846,32.927,32.767,32.948,32.896,32.79,32.897,32.869,32.936,32.942,32.907,32.924,32.941,32.882,32.95,32.954,32.858,32.773,32.887,32.765,32.953,32.962,32.769,32.819,32.815,32.902,32.816,32.827,32.783,32.833,32.846,32.846,32.924,32.887,32.923,32.853,32.78,32.782,32.842,32.874,32.834,32.9,32.782,32.953,32.902,32.797,32.792,32.857,32.825,32.875,32.805,32.879,32.77,32.852,32.766,32.916,32.799,32.838,32.914,32.933,32.9,32.943,32.857,32.948,32.893,32.863,32.813,32.951,32.76,32.812,32.821,32.908,32.755,32.818,32.789,32.764,32.803,32.834,32.848,32.925,32.901,32.858,32.837,32.899,32.789,32.836,32.959,32.876,32.842,32.825,32.849,32.926,32.877,32.824,32.845,32.812,32.904,32.84,32.899,32.774,32.869,32.957,32.891,32.941,32.841,32.781,32.882,32.866,32.821,32.844,32.911,32.826,32.83,32.835,32.955,32.802,32.897,32.841,32.774,32.877,32.913
32.775,32.905,32.798,32.824,32.941,32.789,32.77,32.938,32.758,32.883,32.817,32.814,32.889,32.792,32.842,32.829,32.758,32.763,32.782,32.83,32.762,32.905,32.793,32.926,32.888,32.953,32.932,32.796,32.809,32.836,32.792,32.834,32.863,32.947,32.893,32.898,32.81,32.828,32.952,32.923,32.83,32.896,32.948,32.891,32.868,32.841,32.799,32.755,32.915,32.892,32.873,32.931,32.907,32.963,32.923,32.891,32.905,32.933,32.826,32.896,32.796,32.93,32.776,32.922,32.783,32.849,32.84,32.876,32.862,32.9,32.896,32.907,32.791,32.942,32.865,32.893,32.801,32.874,32.834,32.94,32.824,32.949,32.772,32.87,32.954,32.824,32.951,32.84,32.784,32.942,32.792,32.935,32.877,32.791,32.967,32.814,32.822,32.908,32.854,32.773,32.931,32.754,32.917,32.858,32.931,32.958,32.8,32.873,32.779,32.8,32.774,32.804,32.932,32.967,32.761,32.945,32.884,32.92,32.842,32.951,32.841,32.851,32.86,32.832,32.941,32.86,32.882,32.863,32.799,32.753,32.808,32.937,32.77,32.873,32.954,32.756,32.885,32.834,32.926,32.948,32.902,32.837,32.912,32.765,32.955,32.807,32.824,32.746,32.77,32.924,32.943,32.788,32.784,32.886,32.776,32.907,32.761,32.809,32.814,32.894,32.842,32.869,32.856,32.878,32.922,32.802,32.809,32.898,32.814,32.888,32.859,32.829,32.813,32.84,32.831,32.943,32.941,32.889,32.932,32.869,32.905,32.915,32.772,32.958,32.856,32.796,32.763,32.856,32.849,32.818,32.901,32.818,32.922,32.781,32.854,32.926,32.804,32.8,32.903,32.771
32.851,32.762,32.872,32.907,32.864,32.927,32.92,32.899,32.802,32.805,32.763,32.866,32.888,32.87,32.903,32.87,32.83,32.817,32.949,32.823,32.916,32.95,32.871,32.857,32.908,32.964,32.795,32.953,32.766,32.919,32.757,32.757,32.859,32.958,32.764,32.917,32.818,32.871,32.939,32.858,32.922,32.84,32.827,32.923,32.948,32.832,32.807,32.755,32.909,32.863,32.879,32.827,32.819,32.852,32.777,32.877,32.945,32.891,32.755,32.791,32.922,32.9,32.902,32.939,32.887,32.94,32.783,32.859,32.894,32.889,32.797,32.961,32.852,32.937,32.914,32.771,32.822,32.787,32.799,32.865,32.925,32.865,32.876,32.856,32.77,32.865,32.923,32.936,32.8,32.786,32.787,32.896,32.827,32.93,32.82,32.84,32.902,32.952,32.885,32.754,32.894,32.752,32.87,32.883,32.873,32.915,32.777,32.901,32.944,32.754,32.899,32.781,32.794,32.895,32.901,32.775,32.865,32.908,32.787,32.894,32.841,32.857,32.887,32.767,32.801,32.891,32.835,32.92,32.923,32.887,32.82,32.789,32.797,32.774,32.793,32.889,32.818,32.813,32.887,32.916,32.944,32.871,32.939,32.86,32.934,32.771,32.857,32.809,32.801,32.944,32.763,32.893,32.782,32.915,32.918,32.914,32.823,32.902,32.844,32.804,32.795,32.86,32.953,32.945,32.806,32.787,32.933,32.946,32.848,32.848,32.856,32.77,32.82,32.87,32.809,32.906,32.853,32.884,32.912,32.796,32.813,32.804,32.895,32.763,32.774,32.879,32.781,32.875,32.847,32.844,32.762,32.762,32.824,32.795,32.777,32.844,32.932,32.853,32.86,32.926
32.933,32.799,32.897,32.82,32.937,32.928,32.77,32.93,32.793,32.778,32.914,32.957,32.904,32.791,32.776,32.951,32.833,32.889,32.873,32.758,32.79,32.902,32.861,32.766,32.848,32.831,32.842,32.861,32.882,32.94,32.755,32.759,32.879,32.958,32.932,32.889,32.769,32.806,32.878,32.83,32.9,32.787,32.91,32.855,32.926,32.953,32.799,32.95,32.893,32.909,32.864,32.861,32.814,32.8,32.89,32.828,32.881,32.815,32.829,32.765,32.953,32.793,32.893,32.869,32.884,32.803,32.866,32.932,32.953,32.823,32.776,32.862,32.769,32.88,32.918,32.758,32.867,32.83,32.816,32.839,32.942,32.867,32.778,32.83,32.878,32.929,32.776,32.794,32.855,32.805,32.856,32.843,32.869,32.774,32.794,32.926,32.788,32.768,32.921,32.901,32.879,32.877,32.818,32.859,32.784,32.911,32.848,32.769,32.776,32.919,32.912,32.847,32.82,32.801,32.82,32.77,32.841,32.88,32.885,32.906,32.872,32.936,32.942,32.763,32.894,32.773,32.767,32.825,32.89,32.775,32.942,32.792,32.844,32.816,32.811,32.854,32.801,32.893,32.788,32.815,32.838,32.909,32.856,32.805,32.78,32.8,32.828,32.774,32.918,32.835,32.855,32.935,32.917,32.865,32.965,32.821,32.785,32.808,32.857,32.857,32.766,32.798,32.825,32.788,32.859,32.776,32.898,32.778,32.83,32.876,32.88,32.788,32.796,32.78,32.876,32.914,32.821,32.802,32.829,32.902,32.871,32.754,32.95,32.775,32.764,32.935,32.763,32.905,32.851,32.872,32.83,32.864,32.828,32.771,32.85,32.847,32.905,32.839,32.78,32.965
32.862,32.95,32.786,32.774,32.951,32.766,32.908,32.871,32.856,32.858,32.816,32.896,32.947,32.794,32.779,32.785,32.824,32.804,32.872,32.944,32.857,32.766,32.902,32.921,32.757,32.927,32.773,32.883,32.897,32.955,32.782,32.786,32.792,32.85,32.929,32.867,32.819,32.792,32.844,32.932,32.954,32.898,32.947,32.789,32.865,32.888,32.939,32.798,32.896,32.865,32.958,32.801,32.905,32.942,32.838,32.834,32.881,32.927,32.791,32.783,32.877,32.919,32.813,32.892,32.877,32.93,32.851,32.854,32.804,32.884,32.875,32.888,32.887,32.938,32.918,32.756,32.92,32.872,32.936,32.89,32.88,32.961,32.876,32.827,32.836,32.828,32.81,32.779,32.842,32.954,32.8,32.866,32.878,32.924,32.883,32.796,32.948,32.793,32.808,32.84,32.826,32.824,32.88,32.911,32.775,32.855,32.911,32.854,32.949,32.888,32.93,32.862,32.906,32.832,32.954,32.75,32.894,32.815,32.787,32.812,32.835,32.764,32.843,32.834,32.808,32.808,32.907,32.804,32.898,32.832,32.812,32.912,32.871,32.803,32.911,32.946,32.902,32.935,32.838,32.939,32.954,32.833,32.792,32.837,32.767,32.914,32.871,32.863,32.877,32.821,32.842,32.916,32.858,32.79,32.837,32.769,32.904,32.863,32.938,32.883,32.942,32.859,32.903,32.889,32.805,32.807,32.782,32.754,32.816,32.888,32.924,32.874,32.873,32.82,32.814,32.855,32.765,32.897,32.781,32.865,32.819,32.892,32.882,32.955,32.82,32.965,32.84,32.759,32.922,32.839,32.881,32.956,32.95,32.75,32.924,32.882,32.763,32.908,32.93,32.912
32.89,32.956,32.878,32.786,32.889,32.854,32.828,32.758,32.871,32.814,32.803,32.86,32.941,32.939,32.941,32.954,32.843,32.86,32.842,32.882,32.806,32.788,32.835,32.843,32.909,32.879,32.935,32.836,32.925,32.961,32.884,32.756,32.824,32.803,32.928,32.804,32.859,32.945,32.936,32.807,32.93,32.866,32.811,32.915,32.834,32.786,32.966,32.812,32.863,32.959,32.843,32.937,32.912,32.775,32.911,32.895,32.904,32.761,32.842,32.84,32.889,32.957,32.752,32.837,32.768,32.874,32.777,32.838,32.84,32.856,32.768,32.896,32.873,32.948,32.892,32.864,32.863,32.876,32.802,32.861,32.953,32.961,32.951,32.91,32.946,32.777,32.906,32.762,32.918,32.78,32.893,32.955,32.915,32.849,32.792,32.76,32.799,32.906,32.88,32.866,32.801,32.813,32.893,32.793,32.811,32.872,32.866,32.883,32.902,32.774,32.793,32.939,32.938,32.858,32.936,32.832,32.884,32.81,32.812,32.84,32.874,32.813,32.775,32.885,32.936,32.863,32.852,32.789,32.793,32.761,32.787,32.918,32.809,32.844,32.762,32.832,32.955,32.798,32.833,32.908,32.775,32.761,32.755,32.85,32.782,32.899,32.864,32.845,32.813,32.76,32.889,32.822,32.922,32.874,32.832,32.778,32.888,32.879,32.918,32.758,32.905,32.827,32.799,32.843,32.93,32.943,32.935,32.927,32.779,32.779,32.904,32.782,32.834,32.93,32.765,32.837,32.831,32.941,32.884,32.883,32.79,32.839,32.93,32.866,32.879,32.773,32.912,32.929,32.877,32.87,32.893,32.905,32.931,32.886,32.931,32.793,32.751,32.889,32.893,32.893
32.858,32.931,32.919,32.854,32.891,32.878,32.818,32.757,32.871,32.865,32.846,32.873,32.785,32.874,32.966,32.817,32.754,32.812,32.938,32.903,32.95,32.778,32.849,32.77,32.83,32.848,32.943,32.761,32.909,32.911,32.83,32.81,32.869,32.897,32.796,32.797,32.87,32.916,32.783,32.835,32.93,32.768,32.819,32.91,32.917,32.823,32.804,32.855,32.933,32.879,32.793,32.857,32.811,32.795,32.868,32.905,32.83,32.801,32.905,32.799,32.916,32.968,32.907,32.819,32.835,32.951,32.834,32.867,32.941,32.801,32.945,32.927,32.9,32.893,32.797,32.774,32.796,32.845,32.868,32.925,32.809,32.956,32.853,32.822,32.874,32.81,32.879,32.89,32.805,32.767,32.955,32.962,32.842,32.902,32.851,32.843,32.941,32.858,32.905,32.854,32.897,32.867,32.793,32.886,32.928,32.916,32.819,32.896,32.887,32.849,32.787,32.807,32.929,32.935,32.959,32.816,32.834,32.912,32.89,32.787,32.909,32.787,32.903,32.951,32.938,32.794,32.803,32.853,32.835,32.863,32.761,32.786,32.873,32.907,32.83,32.935,32.794,32.784,32.883,32.94,32.898,32.775,32.861,32.936,32.8,32.95,32.786,32.793,32.921,32.946,32.759,32.768,32.806,32.832,32.885,32.86,32.936,32.796,32.773,32.9,32.885,32.766,32.842,32.849,32.87,32.962,32.887,32.811,32.884,32.892,32.839,32.892,32.865,32.872,32.789,32.873,32.852,32.948,32.809,32.89,32.856,32.956,32.81,32.882,32.846,32.92,32.871,32.914,32.942,32.94,32.867,32.964,32.829,32.821,32.771,32.906,32.857,32.784,32.901,32.801
32.94,32.829,32.787,32.913,32.873,32.785,32.787,32.749,32.933,32.77,32.848,32.887,32.937,32.962,32.797,32.795,32.819,32.824,32.822,32.793,32.812,32.811,32.798,32.844,32.882,32.858,32.895,32.925,32.821,32.788,32.854,32.911,32.897,32.916,32.883,32.75,32.796,32.883,32.929,32.942,32.949,32.88,32.848,32.881,32.96,32.943,32.875,32.894,32.817,32.96,32.803,32.79,32.762,32.78,32.892,32.934,32.836,32.863,32.959,32.871,32.849,32.785,32.842,32.759,32.757,32.904,32.887,32.818,32.908,32.788,32.888,32.943,32.885,32.821,32.802,32.857,32.769,32.919,32.809,32.884,32.794,32.956,32.829,32.931,32.822,32.766,32.916,32.89,32.825,32.797,32.842,32.769,32.862,32.911,32.868,32.839,32.8,32.77,32.915,32.921,32.813,32.938,32.85,32.931,32.875,32.939,32.862,32.828,32.853,32.782,32.953,32.805,32.773,32.966,32.787,32.895,32.792,32.807,32.868,32.89,32.87,32.798,32.835,32.915,32.876,32.836,32.886,32.819,32.921,32.952,32.883,32.759,32.876,32.859,32.787,32.781,32.858,32.827,32.785,32.831,32.766,32.889,32.84,32.896,32.786,32.887,32.925,32.819,32.903,32.876,32.789,32.842,32.835,32.771,32.788,32.799,32.819,32.882,32.844,32.945,32.906,32.813,32.862,32.786,32.809,32.902,32.836,32.903,32.893,32.856,32.762,32.842,32.865,32.923,32.758,32.9,32.855,32.787,32.898,32.809,32.805,32.814,32.843,32.917,32.879,32.859,32.907,32.803,32.802,32.853,32.914,32.785,32.851,32.891,32.792,32.836,32.85,32.858,32.919,32.818
32.802,32.936,32.912,32.818,32.816,32.755,32.9,32.846,32.934,32.907,32.939,32.82,32.813,32.829,32.925,32.935,32.889,32.913,32.848,32.91,32.955,32.762,32.945,32.824,32.83,32.785,32.79,32.927,32.944,32.803,32.905,32.937,32.866,32.881,32.821,32.876,32.784,32.809,32.951,32.771,32.854,32.94,32.931,32.935,32.771,32.893,32.876,32.79,32.761,32.825,32.86,32.883,32.794,32.816,32.94,32.922,32.916,32.83,32.785,32.932,32.864,32.888,32.845,32.787,32.912,32.776,32.906,32.83,32.798,32.925,32.77,32.889,32.888,32.806,32.872,32.837,32.891,32.89,32.839,32.826,32.892,32.823,32.786,32.861,32.778,32.79,32.89,32.909,32.818,32.874,32.798,32.748,32.871,32.957,32.867,32.76,32.843,32.812,32.918,32.895,32.785,32.78,32.824,32.843,32.817,32.885,32.883,32.864,32.908,32.923,32.805,32.894,32.884,32.774,32.93,32.786,32.866,32.931,32.792,32.894,32.916,32.899,32.888,32.831,32.952,32.88,32.838,32.845,32.877,32.912,32.807,32.827,32.929,32.842,32.818,32.768,32.91,32.892,32.798,32.924,32.756,32.892,32.871,32.961,32.872,32.942,32.878,32.777,32.813,32.822,32.938,32.949,32.833,32.855,32.896,32.797,32.899,32.905,32.875,32.92,32.911,32.755,32.759,32.916,32.832,32.923,32.947,32.849,32.767,32.858,32.876,32.931,32.818,32.812,32.804,32.864,32.859,32.922,32.783,32.807,32.846,32.808,32.773,32.906,32.825,32.826,32.816,32.957,32.913,32.821,32.918,32.873,32.821,32.923,32.894,32.854,32.772,32.79,32.832,32.908
32.864,32.86,32.92,32.879,32.795,32.848,32.908,32.836,32.792,32.771,32.845,32.928,32.77,32.906,32.871,32.841,32.853,32.81,32.816,32.962,32.859,32.902,32.958,32.817,32.816,32.793,32.921,32.773,32.847,32.754,32.856,32.776,32.756,32.862,32.81,32.86,32.942,32.895,32.825,32.786,32.79,32.85,32.882,32.885,32.78,32.854,32.928,32.95,32.764,32.953,32.909,32.842,32.915,32.957,32.884,32.805,32.865,32.91,32.77,32.93,32.814,32.792,32.802,32.925,32.794,32.775,32.891,32.804,32.811,32.831,32.893,32.815,32.88,32.885,32.854,32.811,32.812,32.923,32.882,32.94,32.936,32.858,32.81,32.823,32.858,32.833,32.932,32.942,32.934,32.901,32.851,32.762,32.765,32.896,32.766,32.862,32.838,32.807,32.929,32.944,32.838,32.772,32.764,32.753,32.913,32.798,32.799,32.867,32.949,32.901,32.822,32.895,32.768,32.9,32.904,32.944,32.825,32.85,32.88,32.948,32.795,32.786,32.907,32.953,32.955,32.844,32.782,32.772,32.953,32.868,32.843,32.872,32.933,32.805,32.815,32.854,32.846,32.86,32.937,32.84,32.771,32.814,32.866,32.78,32.896,32.914,32.785,32.857,32.856,32.835,32.765,32.855,32.769,32.789,32.916,32.839,32.876,32.825,32.941,32.904,32.795,32.864,32.852,32.814,32.797,32.802,32.881,32.833,32.789,32.932,32.92,32.892,32.898,32.942,32.914,32.781,32.943,32.835,32.941,32.894,32.933,32.842,32.785,32.792,32.945,32.927,32.754,32.841,32.845,32.759,32.809,32.822,32.812,32.883,32.803,32.872,32.914,32.874,32.908,32.793
32.802,32.929,32.929,32.948,32.821,32.882,32.762,32.79,32.943,32.862,32.785,32.827,32.783,32.867,32.829,32.832,32.884,32.898,32.806,32.782,32.848,32.865,32.933,32.882,32.864,32.815,32.783,32.787,32.904,32.912,32.776,32.943,32.86,32.807,32.841,32.882,32.934,32.784,32.817,32.812,32.828,32.913,32.896,32.897,32.942,32.948,32.8,32.929,32.819,32.788,32.918,32.811,32.936,32.802,32.778,32.924,32.915,32.829,32.809,32.859,32.919,32.926,32.794,32.96,32.933,32.86,32.854,32.838,32.899,32.952,32.896,32.875,32.951,32.955,32.911,32.906,32.823,32.957,32.862,32.962,32.843,32.822,32.931,32.901,32.862,32.951,32.861,32.84,32.798,32.768,32.873,32.755,32.935,32.955,32.843,32.883,32.936,32.927,32.902,32.869,32.85,32.798,32.752,32.78,32.869,32.944,32.859,32.805,32.87,32.831,32.751,32.903,32.863,32.764,32.814,32.933,32.849,32.882,32.894,32.933,32.886,32.808,32.811,32.82,32.772,32.907,32.914,32.943,32.897,32.838,32.874,32.948,32.947,32.816,32.947,32.941,32.768,32.893,32.829,32.781,32.79,32.801,32.897,32.763,32.854,32.916,32.809,32.847,32.889,32.778,32.875,32.768,32.895,32.867,32.763,32.807,32.832,32.815,32.874,32.937,32.947,32.802,32.935,32.797,32.877,32.853,32.878,32.843,32.79,32.91,32.842,32.953,32.958,32.927,32.907,32.906,32.9,32.888,32.9,32.852,32.769,32.921,32.846,32.818,32.834,32.935,32.918,32.915,32.892,32.816,32.849,32.837,32.803,32.921,32.759,32.953,32.816,32.896,32.847,32.909
32.872,32.817,32.76,32.958,32.753,32.773,32.9,32.781,32.903,32.877,32.789,32.918,32.949,32.938,32.818,32.834,32.794,32.819,32.847,32.864,32.782,32.937,32.774,32.812,32.92,32.874,32.749,32.929,32.858,32.885,32.764,32.837,32.816,32.881,32.855,32.861,32.873,32.846,32.798,32.889,32.903,32.854,32.861,32.793,32.822,32.784,32.795,32.795,32.763,32.938,32.763,32.778,32.858,32.889,32.752,32.858,32.901,32.782,32.853,32.933,32.869,32.836,32.873,32.823,32.962,32.946,32.9,32.899,32.92,32.909,32.877,32.902,32.846,32.907,32.952,32.874,32.785,32.951,32.899,32.813,32.77,32.89,32.904,32.773,32.757,32.766,32.785,32.878,32.945,32.843,32.834,32.817,32.841,32.944,32.952,32.964,32.864,32.832,32.838,32.932,32.843,32.763,32.934,32.834,32.763,32.801,32.838,32.76,32.909,32.852,32.893,32.771,32.96,32.864,32.883,32.855,32.934,32.787,32.769,32.823,32.855,32.895,32.803,32.838,32.751,32.851,32.846,32.843,32.893,32.755,32.776,32.893,32.933,32.946,32.835,32.865,32.784,32.775,32.83,32.838,32.8,32.782,32.941,32.899,32.822,32.946,32.92,32.766,32.94,32.817,32.877,32.795,32.852,32.77,32.854,32.949,32.938,32.771,32.876,32.958,32.841,32.934,32.778,32.852,32.806,32.871,32.787,32.759,32.829,32.905,32.891,32.817,32.846,32.88,32.925,32.863,32.762,32.899,32.811,32.893,32.846,32.938,32.893,32.839,32.795,32.875,32.786,32.828,32.832,32.891,32.805,32.938,32.891,32.926,32.906,32.761,32.867,32.936,32.942,32.832
32.959,32.92,32.934,32.857,32.86,32.848,32.818,32.894,32.954,32.902,32.797,32.841,32.776,32.961,32.871,32.761,32.81,32.874,32.903,32.804,32.942,32.891,32.952,32.8,32.935,32.946,32.943,32.847,32.931,32.789,32.808,32.822,32.781,32.899,32.846,32.957,32.84,32.782,32.864,32.833,32.886,32.948,32.87,32.826,32.954,32.939,32.875,32.909,32.852,32.841,32.893,32.883,32.896,32.954,32.926,32.953,32.782,32.802,32.925,32.896,32.785,32.755,32.829,32.897,32.882,32.818,32.96,32.921,32.836,32.872,32.818,32.812,32.899,32.898,32.817,32.897,32.802,32.839,32.931,32.846,32.936,32.843,32.94,32.822,32.822,32.885,32.758,32.95,32.84,32.788,32.8,32.764,32.919,32.949,32.786,32.84,32.861,32.78,32.883,32.902,32.945,32.896,32.969,32.868,32.944,32.76,32.776,32.845,32.788,32.913,32.804,32.852,32.801,32.933,32.813,32.954,32.925,32.78,32.903,32.907,32.95,32.851,32.942,32.756,32.829,32.956,32.824,32.793,32.868,32.751,32.874,32.77,32.942,32.826,32.834,32.764,32.813,32.921,32.948,32.929,32.891,32.844,32.83,32.953,32.845,32.941,32.94,32.749,32.894,32.765,32.797,32.827,32.831,32.791,32.769,32.928,32.81,32.92,32.861,32.902,32.864,32.764,32.902,32.767,32.779,32.848,32.931,32.934,32.887,32.796,32.87,32.77,32.86,32.822,32.834,32.758,32.843,32.76,32.934,32.857,32.83,32.962,32.859,32.94,32.929,32.764,32.896,32.872,32.793,32.829,32.779,32.806,32.925,32.916,32.78,32.944,32.76,32.958,32.805,32.924
32.954,32.963,32.801,32.827,32.826,32.766,32.957,32.891,32.778,32.872,32.935,32.825,32.818,32.798,32.8,32.932,32.778,32.804,32.79,32.843,32.86,32.882,32.88,32.885,32.825,32.805,32.939,32.892,32.908,32.84,32.896,32.763,32.77,32.835,32.846,32.804,32.834,32.812,32.879,32.761,32.942,32.939,32.882,32.904,32.83,32.86,32.898,32.947,32.809,32.829,32.789,32.944,32.869,32.938,32.879,32.853,32.826,32.83,32.921,32.828,32.911,32.86,32.839,32.87,32.849,32.829,32.847,32.767,32.792,32.803,32.868,32.921,32.787,32.771,32.926,32.902,32.934,32.818,32.844,32.915,32.814,32.767,32.87,32.786,32.797,32.823,32.894,32.88,32.855,32.884,32.82,32.942,32.765,32.948,32.762,32.758,32.882,32.952,32.936,32.899,32.843,32.95,32.877,32.886,32.968,32.942,32.846,32.942,32.937,32.902,32.816,32.844,32.896,32.937,32.781,32.933,32.92,32.929,32.955,32.902,32.935,32.817,32.871,32.871,32.895,32.962,32.8,32.795,32.843,32.829,32.796,32.843,32.911,32.91,32.91,32.845,32.935,32.933,32.845,32.923,32.849,32.879,32.762,32.858,32.851,32.771,32.817,32.855,32.797,32.823,32.78,32.955,32.76,32.754,32.748,32.834,32.934,32.891,32.825,32.789,32.836,32.762,32.78,32.809,32.767,32.958,32.77,32.804,32.822,32.817,32.887,32.856,32.857,32.925,32.758,32.937,32.869,32.889,32.908,32.95,32.816,32.9,32.955,32.77,32.939,32.889,32.826,32.8,32.788,32.901,32.831,32.934,32.941,32.898,32.877,32.957,32.946,32.909,32.823,32.821
32.837,32.894,32.876,32.91,32.824,32.849,32.806,32.844,32.942,32.887,32.839,32.808,32.755,32.772,32.949,32.818,32.926,32.852,32.928,32.787,32.943,32.939,32.789,32.914,32.793,32.796,32.896,32.887,32.848,32.902,32.804,32.873,32.934,32.941,32.821,32.935,32.934,32.918,32.919,32.91,32.953,32.896,32.811,32.781,32.877,32.933,32.811,32.814,32.917,32.829,32.826,32.82,32.786,32.871,32.792,32.944,32.772,32.908,32.871,32.846,32.791,32.89,32.926,32.932,32.949,32.756,32.765,32.816,32.927,32.777,32.952,32.871,32.921,32.828,32.767,32.761,32.948,32.938,32.886,32.942,32.852,32.767,32.891,32.908,32.859,32.756,32.895,32.791,32.907,32.926,32.918,32.849,32.925,32.809,32.785,32.924,32.935,32.868,32.824,32.82,32.867,32.865,32.939,32.937,32.923,32.854,32.934,32.964,32.776,32.841,32.938,32.843,32.958,32.81,32.886,32.827,32.792,32.892,32.787,32.928,32.855,32.835,32.803,32.815,32.945,32.89,32.767,32.949,32.77,32.835,32.928,32.897,32.917,32.89,32.921,32.818,32.851,32.77,32.918,32.863,32.901,32.922,32.803,32.758,32.797,32.823,32.908,32.864,32.948,32.937,32.838,32.884,32.808,32.833,32.745,32.946,32.857,32.897,32.95,32.827,32.832,32.947,32.859,32.912,32.879,32.854,32.812,32.856,32.773,32.874,32.863,32.896,32.855,32.873,32.795,32.947,32.798,32.94,32.767,32.904,32.78,32.84,32.929,32.884,32.82,32.896,32.887,32.837,32.926,32.895,32.838,32.896,32.812,32.896,32.936,32.963,32.776,32.912,32.936,32.943
32.957,32.863,32.856,32.796,32.874,32.939,32.846,32.787,32.772,32.831,32.886,32.935,32.8,32.75,32.89,32.771,32.825,32.814,32.787,32.838,32.796,32.957,32.798,32.935,32.875,32.822,32.85,32.843,32.78,32.945,32.828,32.805,32.886,32.809,32.858,32.781,32.898,32.817,32.872,32.777,32.937,32.802,32.854,32.835,32.871,32.935,32.892,32.841,32.813,32.849,32.925,32.919,32.763,32.949,32.83,32.942,32.869,32.786,32.938,32.851,32.777,32.9,32.843,32.83,32.921,32.905,32.84,32.81,32.878,32.952,32.814,32.898,32.777,32.875,32.81,32.874,32.867,32.787,32.864,32.864,32.855,32.825,32.899,32.794,32.767,32.922,32.781,32.946,32.804,32.909,32.847,32.921,32.91,32.936,32.944,32.87,32.931,32.911,32.763,32.891,32.78,32.833,32.852,32.77,32.869,32.799,32.939,32.86,32.941,32.9,32.912,32.904,32.823,32.885,32.901,32.896,32.929,32.896,32.804,32.864,32.759,32.782,32.806,32.951,32.779,32.873,32.878,32.779,32.855,32.793,32.797,32.919,32.783,32.791,32.872,32.797,32.931,32.935,32.82,32.88,32.83,32.818,32.892,32.832,32.853,32.885,32.77,32.877,32.958,32.88,32.828,32.787,32.79,32.951,32.9,32.848,32.932,32.84,32.841,32.945,32.787,32.833,32.788,32.777,32.945,32.845,32.865,32.814,32.794,32.944,32.94,32.877,32.835,32.946,32.841,32.817,32.933,32.925,32.863,32.943,32.794,32.916,32.761,32.872,32.836,32.847,32.858,32.786,32.8,32.823,32.902,32.763,32.784,32.937,32.863,32.775,32.817,32.908,32.783,32.854
32.866,32.945,32.895,32.801,32.79,32.853,32.841,32.9,32.895,32.9,32.818,32.935,32.905,32.847,32.902,32.923,32.825,32.827,32.781,32.815,32.762,32.779,32.925,32.804,32.88,32.907,32.855,32.823,32.784,32.954,32.909,32.91,32.862,32.898,32.779,32.833,32.797,32.916,32.914,32.929,32.856,32.894,32.755,32.775,32.932,32.941,32.789,32.781,32.785,32.781,32.764,32.856,32.833,32.766,32.932,32.945,32.887,32.818,32.961,32.904,32.933,32.94,32.869,32.82,32.891,32.959,32.891,32.871,32.756,32.963,32.916,32.913,32.782,32.76,32.851,32.868,32.819,32.803,32.916,32.927,32.772,32.914,32.848,32.874,32.76,32.763,32.814,32.858,32.77,32.917,32.87,32.837,32.874,32.918,32.764,32.948,32.949,32.759,32.769,32.79,32.78,32.861,32.814,32.938,32.839,32.809,32.808,32.797,32.818,32.82,32.819,32.921,32.922,32.768,32.879,32.8,32.912,32.847,32.898,32.836,32.87,32.748,32.946,32.777,32.837,32.952,32.914,32.789,32.855,32.875,32.864,32.925,32.897,32.947,32.92,32.828,32.834,32.846,32.827,32.952,32.785,32.868,32.857,32.84,32.834,32.796,32.939,32.896,32.918,32.957,32.784,32.908,32.947,32.788,32.852,32.813,32.849,32.786,32.815,32.959,32.79,32.755,32.813,32.776,32.912,32.774,32.921,32.88,32.829,32.774,32.825,32.771,32.789,32.826,32.851,32.83,32.893,32.946,32.829,32.836,32.784,32.805,32.775,32.904,32.876,32.787,32.792,32.907,32.922,32.842,32.951,32.776,32.802,32.951,32.788,32.884,32.818,32.942,32.843,32.832
32.946,32.842,32.868,32.901,32.764,32.801,32.801,32.894,32.898,32.851,32.923,32.766,32.957,32.839,32.938,32.88,32.796,32.834,32.932,32.839,32.837,32.823,32.782,32.8,32.764,32.862,32.874,32.947,32.903,32.9,32.793,32.889,32.756,32.909,32.881,32.776,32.875,32.932,32.835,32.95,32.858,32.758,32.799,32.779,32.818,32.889,32.756,32.81,32.79,32.951,32.881,32.844,32.933,32.846,32.896,32.772,32.905,32.809,32.829,32.953,32.846,32.784,32.893,32.892,32.899,32.789,32.895,32.905,32.825,32.92,32.935,32.769,32.874,32.75,32.777,32.868,32.759,32.902,32.869,32.876,32.748,32.778,32.799,32.805,32.921,32.934,32.753,32.782,32.833,32.807,32.883,32.946,32.932,32.81,32.862,32.803,32.92,32.802,32.817,32.849,32.883,32.879,32.88,32.859,32.826,32.882,32.801,32.815,32.761,32.909,32.827,32.813,32.857,32.891,32.827,32.911,32.763,32.851,32.852,32.884,32.946,32.893,32.965,32.866,32.822,32.903,32.861,32.885,32.953,32.931,32.847,32.876,32.897,32.786,32.883,32.921,32.856,32.774,32.941,32.843,32.873,32.814,32.762,32.787,32.851,32.819,32.953,32.758,32.807,32.848,32.848,32.806,32.921,32.837,32.799,32.821,32.949,32.899,32.764,32.93,32.776,32.921,32.914,32.789,32.849,32.859,32.773,32.765,32.792,32.877,32.852,32.839,32.875,32.941,32.892,32.792,32.865,32.838,32.873,32.84,32.915,32.822,32.795,32.815,32.894,32.951,32.777,32.933,32.86,32.81,32.819,32.874,32.765,32.874,32.852,32.884,32.884,32.809,32.813,32.892
32.892,32.869,32.937,32.802,32.902,32.894,32.879,32.885,32.89,32.953,32.907,32.756,32.839,32.842,32.901,32.764,32.869,32.858,32.807,32.807,32.823,32.864,32.84,32.753,32.748,32.766,32.866,32.964,32.85,32.869,32.797,32.822,32.811,32.838,32.765,32.813,32.784,32.86,32.763,32.918,32.907,32.8,32.808,32.885,32.821,32.802,32.812,32.85,32.828,32.886,32.925,32.927,32.769,32.899,32.832,32.765,32.907,32.944,32.957,32.88,32.957,32.834,32.872,32.8,32.858,32.813,32.945,32.905,32.886,32.938,32.879,32.941,32.946,32.915,32.923,32.919,32.88,32.817,32.755,32.883,32.807,32.804,32.803,32.913,32.879,32.907,32.937,32.889,32.809,32.88,32.9,32.965,32.963,32.802,32.849,32.76,32.81,32.857,32.755,32.958,32.771,32.823,32.805,32.805,32.792,32.881,32.828,32.857,32.865,32.865,32.826,32.861,32.912,32.814,32.953,32.823,32.846,32.831,32.869,32.845,32.917,32.879,32.859,32.79,32.856,32.961,32.818,32.848,32.884,32.899,32.776,32.926,32.78,32.819,32.932,32.834,32.845,32.83,32.771,32.941,32.939,32.953,32.898,32.812,32.938,32.761,32.768,32.895,32.754,32.762,32.832,32.847,32.959,32.849,32.887,32.757,32.806,32.818,32.88,32.92,32.909,32.843,32.923,32.829,32.902,32.861,32.746,32.852,32.807,32.881,32.793,32.826,32.813,32.9,32.919,32.833,32.819,32.763,32.835,32.927,32.957,32.774,32.947,32.834,32.924,32.938,32.918,32.784,32.826,32.826,32.886,32.939,32.936,32.779,32.828,32.822,32.944,32.909,32.754,32.814
32.866,32.829,32.915,32.755,32.902,32.801,32.94,32.842,32.784,32.811,32.835,32.921,32.931,32.885,32.866,32.768,32.793,32.807,32.784,32.805,32.826,32.765,32.856,32.938,32.79,32.763,32.956,32.961,32.863,32.89,32.929,32.789,32.855,32.929,32.83,32.837,32.929,32.754,32.786,32.827,32.908,32.752,32.896,32.762,32.93,32.943,32.761,32.905,32.945,32.809,32.95,32.961,32.789,32.845,32.949,32.84,32.91,32.806,32.835,32.83,32.859,32.909,32.929,32.901,32.808,32.78,32.775,32.939,32.822,32.92,32.806,32.808,32.926,32.899,32.919,32.932,32.796,32.919,32.851,32.862,32.825,32.834,32.777,32.801,32.776,32.813,32.9,32.851,32.955,32.94,32.907,32.941,32.964,32.784,32.795,32.946,32.823,32.932,32.917,32.827,32.895,32.909,32.903,32.852,32.856,32.822,32.869,32.801,32.95,32.902,32.91,32.755,32.863,32.852,32.85,32.852,32.811,32.894,32.765,32.794,32.886,32.761,32.791,32.816,32.86,32.868,32.765,32.774,32.764,32.916,32.804,32.776,32.792,32.854,32.793,32.825,32.877,32.768,32.823,32.876,32.778,32.821,32.792,32.848,32.772,32.848,32.874,32.845,32.911,32.766,32.754,32.81,32.889,32.793,32.788,32.744,32.943,32.953,32.783,32.775,32.844,32.914,32.845,32.955,32.759,32.852,32.86,32.823,32.903,32.796,32.828,32.826,32.798,32.941,32.848,32.839,32.899,32.774,32.922,32.779,32.873,32.766,32.953,32.856,32.937,32.77,32.77,32.803,32.84,32.799,32.859,32.928,32.822,32.835,32.846,32.836,32.813,32.796,32.793,32.762
32.84,32.957,32.807,32.867,32.78,32.902,32.934,32.902,32.763,32.802,32.927,32.855,32.764,32.83,32.809,32.886,32.927,32.925,32.873,32.882,32.849,32.825,32.891,32.795,32.782,32.909,32.812,32.812,32.783,32.947,32.908,32.793,32.837,32.959,32.947,32.879,32.828,32.808,32.87,32.796,32.839,32.781,32.881,32.874,32.912,32.92,32.8,32.861,32.814,32.827,32.965,32.965,32.88,32.865,32.796,32.784,32.951,32.863,32.808,32.864,32.88,32.861,32.918,32.803,32.79,32.948,32.883,32.799,32.916,32.935,32.905,32.815,32.905,32.921,32.911,32.856,32.877,32.872,32.825,32.889,32.942,32.84,32.752,32.915,32.934,32.763,32.893,32.772,32.939,32.937,32.771,32.839,32.808,32.759,32.9,32.884,32.915,32.849,32.9,32.933,32.933,32.767,32.799,32.853,32.946,32.92,32.935,32.925,32.957,32.938,32.876,32.873,32.798,32.762,32.778,32.847,32.868,32.828,32.848,32.895,32.936,32.852,32.87,32.795,32.916,32.958,32.781,32.895,32.937,32.805,32.859,32.842,32.791,32.824,32.918,32.947,32.815,32.758,32.761,32.88,32.788,32.952,32.79,32.801,32.759,32.95,32.771,32.915,32.796,32.809,32.795,32.767,32.955,32.822,32.795,32.794,32.915,32.905,32.782,32.893,32.866,32.938,32.827,32.898,32.878,32.758,32.854,32.89,32.868,32.856,32.852,32.838,32.889,32.786,32.893,32.792,32.871,32.91,32.841,32.765,32.769,32.897,32.838,32.791,32.937,32.811,32.902,32.912,32.768,32.76,32.872,32.906,32.759,32.757,32.889,32.916,32.903,32.906,32.838,32.754
32.862,32.8,32.866,32.857,32.807,32.943,32.88,32.921,32.84,32.935,32.953,32.892,32.816,32.87,32.879,32.857,32.835,32.883,32.885,32.82,32.911,32.776,32.801,32.868,32.925,32.773,32.786,32.865,32.779,32.853,32.828,32.942,32.831,32.885,32.919,32.934,32.899,32.89,32.943,32.802,32.768,32.924,32.936,32.878,32.878,32.855,32.855,32.767,32.882,32.942,32.918,32.771,32.849,32.778,32.9,32.815,32.8,32.807,32.9,32.9,32.796,32.813,32.867,32.905,32.836,32.911,32.949,32.825,32.898,32.917,32.832,32.946,32.921,32.844,32.884,32.842,32.919,32.868,32.792,32.857,32.896,32.776,32.836,32.831,32.925,32.843,32.793,32.883,32.794,32.83,32.86,32.917,32.868,32.815,32.794,32.846,32.908,32.793,32.866,32.87,32.847,32.808,32.843,32.876,32.898,32.945,32.832,32.802,32.909,32.934,32.932,32.858,32.876,32.864,32.879,32.77,32.758,32.824,32.796,32.784,32.869,32.883,32.78,32.872,32.776,32.851,32.751,32.932,32.957,32.776,32.792,32.76,32.804,32.913,32.769,32.96,32.816,32.814,32.8,32.847,32.886,32.907,32.895,32.825,32.784,32.834,32.757,32.878,32.853,32.86,32.841,32.755,32.819,32.899,32.844,32.905,32.867,32.823,32.911,32.793,32.846,32.819,32.803,32.817,32.807,32.835,32.912,32.793,32.901,32.811,32.755,32.914,32.88,32.869,32.916,32.856,32.865,32.82,32.89,32.825,32.884,32.911,32.828,32.897,32.792,32.878,32.892,32.949,32.859,32.751,32.883,32.877,32.812,32.902,32.795,32.792,32.757,32.804,32.827,32.769
32.755,32.853,32.937,32.849,32.829,32.806,32.832,32.959,32.827,32.932,32.892,32.903,32.839,32.908,32.941,32.845,32.815,32.887,32.909,32.897,32.78,32.806,32.762,32.958,32.941,32.936,32.869,32.946,32.905,32.883,32.82,32.769,32.793,32.827,32.856,32.819,32.838,32.817,32.79,32.77,32.838,32.842,32.92,32.8,32.906,32.871,32.793,32.789,32.817,32.892,32.923,32.752,32.795,32.933,32.858,32.833,32.882,32.907,32.883,32.877,32.799,32.774,32.814,32.801,32.93,32.859,32.904,32.937,32.884,32.822,32.925,32.894,32.856,32.852,32.913,32.822,32.86,32.793,32.872,32.769,32.786,32.915,32.955,32.766,32.865,32.765,32.82,32.934,32.85,32.821,32.896,32.789,32.836,32.783,32.812,32.768,32.908,32.843,32.774,32.789,32.848,32.896,32.823,32.767,32.839,32.945,32.946,32.939,32.916,32.889,32.843,32.918,32.888,32.898,32.897,32.921,32.924,32.776,32.895,32.768,32.754,32.944,32.815,32.783,32.895,32.824,32.889,32.814,32.765,32.843,32.76,32.744,32.937,32.911,32.764,32.959,32.898,32.92,32.912,32.781,32.943,32.819,32.847,32.951,32.898,32.79,32.878,32.917,32.864,32.907,32.759,32.836,32.886,32.808,32.939,32.845,32.762,32.824,32.9,32.789,32.825,32.865,32.768,32.801,32.768,32.802,32.791,32.79,32.774,32.948,32.759,32.858,32.763,32.846,32.885,32.926,32.831,32.95,32.922,32.921,32.901,32.782,32.811,32.83,32.866,32.761,32.773,32.783,32.818,32.819,32.785,32.922,32.932,32.772,32.931,32.764,32.926,32.918,32.754,32.784
32.757,32.937,32.954,32.959,32.778,32.911,32.922,32.933,32.918,32.928,32.913,32.815,32.819,32.855,32.838,32.937,32.887,32.881,32.841,32.78,32.907,32.95,32.775,32.781,32.774,32.942,32.778,32.965,32.807,32.826,32.864,32.887,32.94,32.776,32.779,32.776,32.786,32.888,32.794,32.839,32.794,32.793,32.83,32.87,32.922,32.786,32.764,32.949,32.832,32.911,32.852,32.927,32.906,32.908,32.761,32.836,32.899,32.889,32.859,32.83,32.794,32.832,32.924,32.877,32.843,32.81,32.852,32.943,32.913,32.78,32.851,32.862,32.782,32.876,32.825,32.848,32.94,32.827,32.823,32.919,32.774,32.814,32.831,32.799,32.886,32.833,32.846,32.902,32.764,32.778,32.76,32.954,32.885,32.893,32.83,32.87,32.777,32.854,32.932,32.759,32.931,32.86,32.851,32.8,32.866,32.799,32.94,32.95,32.941,32.837,32.819,32.857,32.786,32.89,32.861,32.8,32.801,32.766,32.932,32.888,32.928,32.944,32.88,32.772,32.846,32.875,32.873,32.887,32.787,32.899,32.843,32.917,32.884,32.916,32.86,32.799,32.883,32.852,32.94,32.873,32.864,32.82,32.799,32.851,32.78,32.856,32.949,32.882,32.891,32.923,32.817,32.765,32.798,32.946,32.901,32.827,32.903,32.819,32.95,32.851,32.941,32.841,32.942,32.853,32.816,32.916,32.782,32.782,32.876,32.85,32.908,32.842,32.879,32.916,32.82,32.896,32.835,32.837,32.822,32.832,32.855,32.895,32.768,32.781,32.796,32.941,32.922,32.816,32.884,32.825,32.877,32.962,32.798,32.77,32.93,32.769,32.933,32.886,32.903,32.832
32.826,32.826,32.777,32.967,32.903,32.761,32.895,32.786,32.846,32.962,32.77,32.815,32.778,32.849,32.777,32.948,32.799,32.89,32.904,32.877,32.912,32.902,32.889,32.819,32.903,32.897,32.766,32.946,32.857,32.851,32.897,32.792,32.9,32.919,32.876,32.903,32.768,32.933,32.887,32.822,32.821,32.755,32.821,32.877,32.764,32.808,32.801,32.811,32.854,32.767,32.756,32.927,32.778,32.876,32.835,32.843,32.945,32.908,32.936,32.903,32.761,32.835,32.847,32.807,32.807,32.897,32.821,32.846,32.901,32.837,32.831,32.774,32.812,32.869,32.902,32.832,32.825,32.928,32.916,32.841,32.754,32.828,32.876,32.81,32.757,32.902,32.876,32.836,32.81,32.795,32.77,32.955,32.949,32.907,32.83,32.951,32.843,32.898,32.772,32.751,32.921,32.79,32.803,32.879,32.855,32.921,32.778,32.964,32.911,32.926,32.857,32.823,32.901,32.913,32.768,32.838,32.856,32.766,32.862,32.857,32.876,32.958,32.943,32.808,32.816,32.817,32.828,32.835,32.816,32.773,32.875,32.839,32.798,32.798,32.855,32.877,32.78,32.929,32.899,32.934,32.906,32.927,32.888,32.836,32.809,32.819,32.864,32.879,32.763,32.843,32.834,32.893,32.793,32.944,32.959,32.848,32.854,32.955,32.895,32.807,32.952,32.808,32.932,32.895,32.935,32.897,32.878,32.865,32.82,32.825,32.826,32.83,32.863,32.862,32.829,32.791,32.897,32.904,32.887,32.895,32.946,32.865,32.791,32.817,32.854,32.788,32.789,32.943,32.808,32.944,32.856,32.771,32.81,32.951,32.846,32.798,32.839,32.892,32.816,32.893
32.777,32.907,32.753,32.782,32.762,32.929,32.929,32.814,32.954,32.778,32.836,32.924,32.911,32.828,32.895,32.926,32.782,32.812,32.904,32.848,32.877,32.957,32.933,32.871,32.81,32.924,32.895,32.925,32.823,32.917,32.9,32.766,32.907,32.851,32.81,32.828,32.756,32.854,32.961,32.947,32.928,32.912,32.794,32.764,32.766,32.783,32.763,32.871,32.769,32.869,32.94,32.888,32.797,32.957,32.897,32.855,32.909,32.787,32.846,32.913,32.914,32.896,32.838,32.772,32.855,32.949,32.84,32.758,32.892,32.933,32.939,32.922,32.751,32.946,32.881,32.95,32.861,32.814,32.76,32.793,32.86,32.85,32.763,32.951,32.814,32.899,32.857,32.867,32.916,32.79,32.901,32.869,32.963,32.818,32.797,32.961,32.769,32.951,32.896,32.812,32.792,32.826,32.851,32.782,32.911,32.925,32.864,32.907,32.907,32.897,32.781,32.91,32.835,32.814,32.774,32.771,32.861,32.805,32.911,32.873,32.927,32.922,32.892,32.862,32.827,32.779,32.896,32.848,32.813,32.947,32.888,32.841,32.938,32.921,32.831,32.859,32.885,32.962,32.862,32.921,32.844,32.761,32.845,32.921,32.822,32.782,32.858,32.852,32.948,32.831,32.892,32.887,32.832,32.855,32.892,32.78,32.757,32.953,32.838,32.795,32.917,32.82,32.953,32.784,32.879,32.758,32.814,32.787,32.862,32.835,32.866,32.838,32.767,32.927,32.822,32.868,32.852,32.921,32.825,32.784,32.919,32.839,32.818,32.814,32.912,32.941,32.945,32.882,32.928,32.871,32.932,32.839,32.809,32.964,32.824,32.877,32.827,32.864,32.894,32.897
32.933,32.909,32.81,32.767,32.843,32.81,32.941,32.858,32.9,32.929,32.824,32.837,32.949,32.925,32.955,32.897,32.912,32.826,32.798,32.831,32.88,32.817,32.829,32.791,32.788,32.956,32.795,32.954,32.783,32.891,32.948,32.901,32.825,32.819,32.847,32.762,32.777,32.857,32.946,32.783,32.771,32.84,32.795,32.757,32.846,32.952,32.829,32.91,32.913,32.813,32.949,32.863,32.806,32.83,32.909,32.912,32.795,32.914,32.8,32.86,32.923,32.851,32.837,32.926,32.896,32.896,32.785,32.858,32.826,32.853,32.935,32.911,32.823,32.77,32.836,32.813,32.871,32.761,32.759,32.932,32.8,32.95,32.807,32.933,32.878,32.769,32.95,32.82,32.913,32.859,32.936,32.951,32.843,32.764,32.766,32.906,32.92,32.781,32.819,32.885,32.768,32.814,32.839,32.909,32.834,32.865,32.754,32.853,32.762,32.828,32.889,32.768,32.818,32.824,32.912,32.899,32.791,32.874,32.803,32.92,32.839,32.758,32.769,32.806,32.76,32.835,32.951,32.767,32.91,32.774,32.948,32.841,32.864,32.96,32.883,32.887,32.9,32.936,32.831,32.796,32.794,32.761,32.76,32.905,32.903,32.907,32.84,32.857,32.889,32.881,32.795,32.835,32.833,32.773,32.823,32.937,32.898,32.782,32.817,32.915,32.939,32.849,32.858,32.763,32.953,32.814,32.8,32.835,32.843,32.842,32.818,32.783,32.825,32.796,32.945,32.841,32.883,32.893,32.821,32.819,32.86,32.929,32.849,32.843,32.961,32.853,32.903,32.89,32.839,32.879,32.906,32.937,32.933,32.925,32.759,32.961,32.777,32.923,32.816,32.946
32.859,32.931,32.855,32.935,32.873,32.884,32.89,32.897,32.847,32.877,32.785,32.755,32.841,32.921,32.92,32.838,32.778,32.844,32.798,32.89,32.77,32.778,32.91,32.896,32.858,32.895,32.809,32.918,32.862,32.875,32.903,32.805,32.848,32.827,32.947,32.9,32.885,32.818,32.9,32.91,32.944,32.818,32.92,32.889,32.89,32.797,32.955,32.938,32.851,32.842,32.841,32.816,32.875,32.789,32.955,32.871,32.795,32.837,32.849,32.886,32.932,32.755,32.847,32.761,32.804,32.885,32.926,32.923,32.857,32.787,32.885,32.961,32.937,32.866,32.89,32.852,32.946,32.916,32.808,32.822,32.841,32.848,32.853,32.802,32.927,32.79,32.933,32.885,32.778,32.787,32.926,32.954,32.758,32.888,32.848,32.924,32.808,32.919,32.842,32.775,32.876,32.944,32.852,32.955,32.935,32.817,32.931,32.826,32.843,32.859,32.944,32.892,32.821,32.926,32.802,32.892,32.927,32.788,32.951,32.953,32.838,32.859,32.773,32.811,32.922,32.827,32.779,32.769,32.77,32.852,32.925,32.909,32.857,32.897,32.864,32.95,32.897,32.915,32.754,32.835,32.795,32.838,32.783,32.931,32.855,32.861,32.871,32.897,32.877,32.93,32.883,32.755,32.769,32.786,32.76,32.836,32.867,32.845,32.875,32.834,32.945,32.885,32.89,32.929,32.868,32.832,32.823,32.946,32.8,32.768,32.819,32.852,32.768,32.792,32.927,32.857,32.803,32.9,32.773,32.786,32.764,32.76,32.926,32.889,32.939,32.836,32.883,32.793,32.859,32.91,32.89,32.931,32.789,32.885,32.871,32.902,32.867,32.924,32.789,32.949
32.79,32.858,32.799,32.842,32.826,32.887,32.929,32.916,32.884,32.861,32.92,32.844,32.861,32.861,32.959,32.767,32.95,32.848,32.841,32.86,32.935,32.748,32.919,32.801,32.934,32.781,32.821,32.783,32.893,32.841,32.789,32.899,32.935,32.9,32.857,32.939,32.909,32.885,32.775,32.931,32.922,32.804,32.827,32.925,32.809,32.797,32.917,32.957,32.856,32.858,32.931,32.939,32.766,32.859,32.852,32.89,32.92,32.909,32.872,32.868,32.918,32.911,32.839,32.877,32.945,32.822,32.862,32.854,32.796,32.789,32.861,32.803,32.803,32.859,32.8,32.841,32.875,32.803,32.792,32.857,32.91,32.882,32.797,32.824,32.883,32.898,32.888,32.857,32.881,32.781,32.939,32.935,32.859,32.779,32.765,32.86,32.896,32.956,32.899,32.814,32.766,32.898,32.92,32.91,32.92,32.78,32.941,32.938,32.862,32.838,32.92,32.803,32.869,32.772,32.77,32.847,32.8,32.864,32.845,32.934,32.92,32.853,32.84,32.942,32.796,32.863,32.912,32.828,32.918,32.893,32.925,32.958,32.898,32.928,32.958,32.876,32.888,32.847,32.938,32.763,32.796,32.806,32.809,32.931,32.86,32.951,32.809,32.906,32.925,32.962,32.912,32.882,32.922,32.802,32.873,32.841,32.929,32.89,32.818,32.833,32.852,32.769,32.956,32.908,32.901,32.88,32.9,32.794,32.764,32.786,32.942,32.81,32.85,32.898,32.856,32.923,32.847,32.916,32.781,32.755,32.874,32.744,32.879,32.779,32.924,32.832,32.795,32.77,32.817,32.919,32.944,32.797,32.951,32.954,32.861,32.864,32.79,32.916,32.937,32.885
32.831,32.765,32.865,32.802,32.797,32.892,32.869,32.837,32.792,32.769,32.926,32.879,32.855,32.849,32.873,32.811,32.882,32.853,32.772,32.912,32.867,32.739,32.915,32.861,32.882,32.826,32.852,32.894,32.898,32.88,32.762,32.912,32.804,32.774,32.8,32.881,32.774,32.778,32.868,32.824,32.941,32.924,32.861,32.905,32.916,32.814,32.802,32.824,32.939,32.917,32.811,32.906,32.948,32.757,32.753,32.954,32.861,32.908,32.914,32.815,32.872,32.887,32.808,32.931,32.81,32.885,32.887,32.812,32.782,32.861,32.775,32.953,32.809,32.766,32.846,32.807,32.802,32.805,32.837,32.813,32.916,32.769,32.816,32.926,32.825,32.844,32.763,32.862,32.856,32.844,32.947,32.886,32.881,32.866,32.923,32.839,32.811,32.87,32.779,32.907,32.928,32.96,32.933,32.79,32.862,32.826,32.965,32.81,32.941,32.822,32.775,32.757,32.776,32.783,32.949,32.849,32.787,32.93,32.906,32.964,32.945,32.847,32.868,32.928,32.866,32.793,32.797,32.768,32.85,32.885,32.847,32.831,32.881,32.775,32.895,32.8,32.806,32.932,32.921,32.841,32.838,32.849,32.915,32.946,32.85,32.891,32.855,32.958,32.955,32.922,32.844,32.789,32.817,32.924,32.904,32.818,32.819,32.832,32.859,32.857,32.955,32.878,32.949,32.839,32.757,32.928,32.792,32.854,32.849,32.872,32.948,32.864,32.767,32.865,32.85,32.772,32.939,32.878,32.904,32.83,32.786,32.846,32.959,32.945,32.814,32.862,32.914,32.831,32.908,32.951,32.849,32.952,32.803,32.951,32.905,32.93,32.935,32.832,32.76,32.841
32.933,32.921,32.758,32.876,32.754,32.877,32.885,32.752,32.915,32.888,32.96,32.932,32.947,32.808,32.858,32.876,32.762,32.923,32.899,32.813,32.76,32.8,32.786,32.858,32.893,32.795,32.921,32.938,32.86,32.931,32.748,32.78,32.861,32.906,32.765,32.854,32.792,32.757,32.772,32.935,32.803,32.915,32.788,32.763,32.917,32.95,32.871,32.801,32.869,32.901,32.834,32.758,32.789,32.923,32.872,32.906,32.886,32.81,32.823,32.769,32.928,32.833,32.892,32.872,32.831,32.87,32.863,32.895,32.903,32.892,32.819,32.819,32.945,32.905,32.94,32.784,32.819,32.81,32.931,32.843,32.884,32.876,32.887,32.788,32.843,32.921,32.793,32.876,32.934,32.862,32.814,32.838,32.83,32.948,32.916,32.856,32.915,32.814,32.798,32.81,32.927,32.79,32.934,32.856,32.758,32.837,32.936,32.844,32.774,32.86,32.79,32.842,32.815,32.893,32.893,32.845,32.748,32.781,32.873,32.951,32.771,32.807,32.891,32.761,32.911,32.89,32.863,32.811,32.893,32.936,32.781,32.775,32.941,32.949,32.89,32.749,32.851,32.916,32.847,32.945,32.848,32.838,32.914,32.772,32.821,32.844,32.941,32.811,32.792,32.931,32.889,32.852,32.905,32.879,32.813,32.753,32.782,32.884,32.832,32.787,32.764,32.878,32.901,32.814,32.923,32.963,32.801,32.81,32.928,32.873,32.946,32.826,32.781,32.862,32.884,32.927,32.863,32.779,32.945,32.821,32.877,32.788,32.779,32.815,32.775,32.819,32.842,32.851,32.894,32.957,32.893,32.889,32.87,32.835,32.78,32.964,32.813,32.869,32.755,32.891
32.795,32.956,32.829,32.787,32.844,32.876,32.879,32.809,32.83,32.907,32.843,32.844,32.823,32.774,32.774,32.876,32.918,32.867,32.787,32.903,32.779,32.817,32.889,32.953,32.932,32.941,32.955,32.952,32.9,32.795,32.866,32.916,32.77,32.894,32.845,32.865,32.882,32.803,32.809,32.838,32.878,32.773,32.812,32.87,32.848,32.831,32.93,32.766,32.927,32.933,32.927,32.851,32.948,32.877,32.838,32.941,32.956,32.786,32.905,32.899,32.772,32.771,32.781,32.759,32.759,32.768,32.906,32.85,32.796,32.878,32.838,32.861,32.919,32.886,32.926,32.824,32.853,32.867,32.845,32.754,32.869,32.809,32.845,32.769,32.873,32.828,32.916,32.942,32.789,32.76,32.773,32.786,32.848,32.94,32.945,32.892,32.888,32.928,32.913,32.887,32.775,32.752,32.849,32.898,32.791,32.827,32.785,32.947,32.766,32.909,32.933,32.784,32.805,32.942,32.916,32.94,32.879,32.94,32.931,32.867,32.944,32.818,32.813,32.911,32.844,32.791,32.957,32.916,32.831,32.9,32.85,32.906,32.952,32.782,32.94,32.781,32.84,32.887,32.92,32.863,32.768,32.855,32.807,32.842,32.858,32.911,32.843,32.796,32.886,32.795,32.873,32.815,32.845,32.802,32.895,32.751,32.905,32.942,32.925,32.93,32.803,32.949,32.844,32.931,32.926,32.768,32.944,32.913,32.94,32.849,32.797,32.775,32.897,32.844,32.958,32.934,32.78,32.914,32.762,32.915,32.759,32.912,32.932,32.835,32.863,32.876,32.786,32.901,32.954,32.902,32.953,32.785,32.899,32.804,32.888,32.783,32.771,32.892,32.842,32.89
32.849,32.926,32.845,32.914,32.788,32.842,32.888,32.958,32.889,32.957,32.816,32.919,32.834,32.942,32.766,32.768,32.801,32.883,32.885,32.846,32.864,32.915,32.794,32.915,32.878,32.896,32.784,32.91,32.855,32.842,32.778,32.785,32.839,32.86,32.848,32.928,32.842,32.81,32.941,32.883,32.857,32.796,32.83,32.851,32.834,32.833,32.774,32.797,32.873,32.901,32.908,32.9,32.933,32.891,32.818,32.821,32.914,32.758,32.792,32.929,32.807,32.889,32.87,32.832,32.822,32.793,32.895,32.811,32.75,32.891,32.872,32.807,32.935,32.875,32.875,32.942,32.787,32.785,32.808,32.941,32.806,32.915,32.761,32.793,32.821,32.877,32.847,32.849,32.801,32.772,32.928,32.813,32.88,32.919,32.965,32.791,32.779,32.824,32.857,32.774,32.916,32.831,32.922,32.851,32.839,32.875,32.907,32.917,32.877,32.957,32.906,32.83,32.84,32.841,32.838,32.841,32.781,32.8,32.914,32.834,32.88,32.935,32.85,32.766,32.785,32.834,32.949,32.902,32.955,32.824,32.865,32.95,32.827,32.895,32.803,32.938,32.759,32.873,32.896,32.954,32.825,32.899,32.85,32.896,32.851,32.812,32.955,32.939,32.863,32.95,32.875,32.784,32.88,32.951,32.839,32.774,32.757,32.963,32.906,32.832,32.848,32.849,32.765,32.896,32.867,32.837,32.818,32.83,32.939,32.942,32.878,32.91,32.891,32.862,32.924,32.798,32.768,32.772,32.759,32.856,32.913,32.767,32.866,32.761,32.926,32.88,32.81,32.824,32.775,32.877,32.771,32.836,32.843,32.856,32.804,32.748,32.767,32.892,32.829,32.781
32.815,32.875,32.886,32.895,32.889,32.919,32.876,32.781,32.927,32.925,32.871,32.867,32.797,32.851,32.847,32.832,32.774,32.907,32.78,32.784,32.857,32.838,32.786,32.937,32.786,32.841,32.815,32.836,32.845,32.762,32.919,32.756,32.89,32.889,32.891,32.948,32.846,32.816,32.78,32.808,32.892,32.851,32.918,32.792,32.87,32.877,32.922,32.856,32.896,32.829,32.876,32.806,32.92,32.81,32.894,32.91,32.877,32.824,32.853,32.885,32.926,32.84,32.773,32.774,32.832,32.91,32.854,32.83,32.943,32.82,32.756,32.769,32.77,32.84,32.79,32.776,32.864,32.928,32.793,32.821,32.856,32.872,32.892,32.887,32.856,32.822,32.944,32.78,32.809,32.851,32.781,32.75,32.915,32.794,32.936,32.939,32.901,32.822,32.852,32.924,32.801,32.885,32.868,32.841,32.888,32.813,32.88,32.771,32.851,32.894,32.776,32.903,32.941,32.924,32.865,32.805,32.832,32.829,32.943,32.861,32.899,32.838,32.774,32.931,32.844,32.905,32.859,32.759,32.768,32.797,32.87,32.864,32.932,32.808,32.756,32.808,32.768,32.871,32.813,32.882,32.781,32.813,32.9,32.88,32.782,32.753,32.786,32.945,32.822,32.948,32.864,32.81,32.889,32.761,32.768,32.918,32.755,32.779,32.885,32.773,32.858,32.884,32.766,32.783,32.849,32.862,32.891,32.881,32.877,32.953,32.92,32.877,32.919,32.806,32.877,32.91,32.834,32.785,32.749,32.911,32.837,32.836,32.937,32.916,32.865,32.938,32.784,32.794,32.849,32.902,32.933,32.78,32.902,32.838,32.889,32.941,32.793,32.88,32.941,32.946
32.756,32.82,32.782,32.872,32.808,32.872,32.784,32.885,32.84,32.897,32.852,32.957,32.9,32.764,32.816,32.84,32.897,32.917,32.859,32.777,32.855,32.875,32.894,32.865,32.935,32.824,32.83,32.809,32.912,32.927,32.926,32.923,32.956,32.903,32.927,32.766,32.846,32.822,32.914,32.849,32.935,32.897,32.949,32.813,32.921,32.86,32.927,32.81,32.901,32.788,32.755,32.861,32.83,32.815,32.9,32.794,32.925,32.947,32.822,32.827,32.957,32.869,32.765,32.863,32.801,32.912,32.798,32.777,32.899,32.953,32.868,32.84,32.813,32.875,32.793,32.837,32.855,32.811,32.881,32.883,32.914,32.926,32.765,32.9,32.854,32.754,32.824,32.806,32.936,32.846,32.911,32.749,32.865,32.761,32.911,32.914,32.96,32.756,32.768,32.897,32.769,32.911,32.886,32.806,32.913,32.853,32.906,32.764,32.906,32.825,32.886,32.758,32.814,32.909,32.937,32.875,32.796,32.944,32.926,32.833,32.939,32.944,32.794,32.918,32.753,32.874,32.777,32.799,32.887,32.81,32.755,32.835,32.817,32.84,32.877,32.938,32.916,32.817,32.752,32.952,32.781,32.952,32.918,32.937,32.779,32.889,32.887,32.882,32.937,32.76,32.957,32.882,32.804,32.872,32.886,32.781,32.853,32.905,32.805,32.795,32.887,32.764,32.778,32.891,32.919,32.932,32.817,32.911,32.792,32.943,32.943,32.805,32.8,32.846,32.907,32.886,32.869,32.841,32.917,32.931,32.831,32.888,32.806,32.874,32.864,32.778,32.758,32.785,32.755,32.842,32.805,32.852,32.953,32.896,32.761,32.815,32.834,32.9,32.823,32.8
32.934,32.825,32.822,32.837,32.798,32.86,32.879,32.855,32.8,32.876,32.857,32.838,32.946,32.902,32.911,32.901,32.911,32.952,32.922,32.861,32.913,32.914,32.788,32.81,32.944,32.871,32.953,32.851,32.951,32.839,32.861,32.966,32.801,32.943,32.848,32.83,32.788,32.934,32.922,32.903,32.872,32.912,32.83,32.774,32.794,32.856,32.912,32.824,32.835,32.831,32.927,32.783,32.756,32.758,32.854,32.906,32.827,32.953,32.857,32.889,32.768,32.764,32.783,32.785,32.806,32.786,32.751,32.923,32.769,32.903,32.786,32.91,32.924,32.927,32.844,32.797,32.944,32.817,32.951,32.758,32.818,32.81,32.797,32.805,32.82,32.904,32.833,32.95,32.839,32.863,32.881,32.748,32.881,32.758,32.875,32.812,32.943,32.748,32.937,32.912,32.918,32.959,32.946,32.856,32.846,32.911,32.808,32.889,32.787,32.838,32.814,32.826,32.86,32.861,32.805,32.796,32.77,32.928,32.87,32.809,32.801,32.777,32.919,32.925,32.853,32.883,32.848,32.837,32.938,32.898,32.785,32.924,32.838,32.802,32.949,32.95,32.902,32.815,32.907,32.781,32.8,32.765,32.839,32.771,32.89,32.954,32.839,32.904,32.958,32.899,32.904,32.769,32.823,32.927,32.825,32.905,32.805,32.819,32.928,32.924,32.857,32.921,32.874,32.901,32.893,32.77,32.764,32.908,32.755,32.791,32.774,32.873,32.881,32.859,32.908,32.891,32.85,32.897,32.868,32.927,32.927,32.856,32.793,32.765,32.801,32.938,32.8,32.774,32.808,32.937,32.947,32.782,32.899,32.836,32.883,32.953,32.845,32.796,32.856,32.921
32.952,32.885,32.86,32.788,32.791,32.821,32.909,32.896,32.876,32.852,32.817,32.899,32.796,32.898,32.803,32.826,32.929,32.783,32.921,32.95,32.798,32.785,32.871,32.803,32.903,32.781,32.956,32.911,32.929,32.858,32.842,32.811,32.784,32.895,32.86,32.85,32.83,32.839,32.853,32.774,32.888,32.826,32.813,32.795,32.879,32.801,32.763,32.895,32.902,32.926,32.908,32.759,32.868,32.871,32.872,32.763,32.821,32.869,32.937,32.901,32.914,32.798,32.765,32.861,32.875,32.852,32.765,32.943,32.885,32.84,32.952,32.883,32.815,32.843,32.924,32.749,32.79,32.887,32.943,32.813,32.933,32.774,32.836,32.768,32.951,32.916,32.81,32.844,32.904,32.929,32.928,32.802,32.817,32.751,32.794,32.946,32.963,32.8,32.917,32.83,32.801,32.763,32.945,32.947,32.934,32.793,32.872,32.925,32.836,32.874,32.888,32.928,32.891,32.947,32.888,32.846,32.793,32.827,32.835,32.903,32.917,32.755,32.938,32.84,32.96,32.878,32.766,32.754,32.926,32.892,32.855,32.776,32.913,32.933,32.935,32.964,32.864,32.878,32.819,32.829,32.867,32.779,32.853,32.789,32.797,32.912,32.907,32.798,32.763,32.908,32.783,32.841,32.854,32.828,32.792,32.953,32.947,32.942,32.795,32.896,32.867,32.766,32.832,32.807,32.909,32.871,32.761,32.907,32.889,32.872,32.849,32.77,32.931,32.796,32.908,32.918,32.947,32.792,32.832,32.783,32.844,32.834,32.939,32.911,32.781,32.87,32.903,32.928,32.907,32.875,32.82,32.803,32.808,32.922,32.857,32.823,32.886,32.787,32.767,32.819
32.939,32.938,32.828,32.843,32.845,32.787,32.823,32.821,32.766,32.825,32.814,32.793,32.918,32.856,32.919,32.802,32.812,32.775,32.775,32.852,32.935,32.758,32.894,32.898,32.927,32.818,32.943,32.805,32.845,32.919,32.925,32.758,32.919,32.831,32.789,32.815,32.95,32.867,32.857,32.925,32.938,32.873,32.762,32.902,32.786,32.777,32.82,32.865,32.787,32.877,32.944,32.82,32.921,32.861,32.841,32.819,32.765,32.836,32.894,32.946,32.902,32.85,32.919,32.825,32.859,32.795,32.76,32.792,32.942,32.757,32.948,32.794,32.896,32.83,32.819,32.941,32.779,32.809,32.767,32.763,32.81,32.831,32.848,32.931,32.829,32.792,32.856,32.797,32.871,32.949,32.907,32.815,32.805,32.944,32.811,32.939,32.825,32.9,32.834,32.885,32.904,32.858,32.875,32.841,32.808,32.861,32.891,32.766,32.915,32.892,32.948,32.833,32.942,32.836,32.786,32.842,32.866,32.762,32.818,32.907,32.892,32.773,32.945,32.887,32.904,32.803,32.889,32.79,32.769,32.769,32.895,32.907,32.959,32.901,32.965,32.82,32.856,32.911,32.862,32.919,32.867,32.843,32.872,32.898,32.887,32.811,32.79,32.877,32.87,32.959,32.758,32.765,32.768,32.929,32.8,32.919,32.86,32.82,32.829,32.898,32.888,32.918,32.808,32.899,32.876,32.771,32.76,32.937,32.947,32.795,32.782,32.838,32.759,32.868,32.838,32.903,32.963,32.86,32.959,32.754,32.828,32.787,32.908,32.884,32.751,32.854,32.889,32.867,32.772,32.959,32.819,32.845,32.931,32.863,32.764,32.788,32.899,32.847,32.942,32.819
32.832,32.815,32.924,32.765,32.901,32.753,32.919,32.827,32.77,32.795,32.781,32.877,32.878,32.888,32.862,32.921,32.896,32.858,32.837,32.935,32.795,32.771,32.819,32.888,32.809,32.811,32.882,32.837,32.804,32.78,32.781,32.91,32.776,32.908,32.885,32.834,32.947,32.865,32.835,32.793,32.918,32.952,32.892,32.892,32.844,32.752,32.804,32.889,32.914,32.774,32.774,32.906,32.849,32.961,32.927,32.825,32.813,32.94,32.945,32.943,32.809,32.902,32.874,32.916,32.939,32.85,32.931,32.875,32.793,32.886,32.924,32.811,32.84,32.876,32.885,32.862,32.856,32.813,32.914,32.825,32.756,32.834,32.849,32.78,32.788,32.892,32.921,32.826,32.941,32.766,32.906,32.765,32.863,32.833,32.945,32.931,32.78,32.91,32.779,32.793,32.792,32.86,32.769,32.796,32.832,32.757,32.788,32.802,32.856,32.873,32.845,32.851,32.837,32.886,32.945,32.93,32.868,32.749,32.943,32.881,32.841,32.768,32.915,32.813,32.878,32.774,32.904,32.783,32.825,32.943,32.903,32.859,32.889,32.927,32.781,32.764,32.917,32.915,32.855,32.796,32.936,32.878,32.841,32.853,32.871,32.759,32.751,32.803,32.86,32.833,32.881,32.824,32.917,32.952,32.952,32.845,32.907,32.907,32.772,32.919,32.775,32.933,32.878,32.864,32.866,32.851,32.905,32.942,32.843,32.883,32.782,32.858,32.803,32.889,32.763,32.863,32.832,32.844,32.88,32.87,32.829,32.861,32.905,32.762,32.908,32.863,32.783,32.817,32.863,32.77,32.752,32.79,32.826,32.871,32.817,32.853,32.804,32.864,32.922,32.789
32.833,32.807,32.779,32.849,32.874,32.848,32.858,32.832,32.827,32.795,32.917,32.935,32.935,32.96,32.884,32.963,32.802,32.901,32.927,32.948,32.858,32.807,32.898,32.913,32.8,32.893,32.908,32.781,32.785,32.865,32.863,32.925,32.923,32.901,32.879,32.83,32.761,32.957,32.781,32.935,32.837,32.838,32.771,32.808,32.8,32.874,32.778,32.919,32.793,32.929,32.797,32.77,32.947,32.928,32.827,32.78,32.887,32.921,32.892,32.821,32.905,32.775,32.923,32.942,32.869,32.863,32.931,32.831,32.953,32.761,32.897,32.921,32.95,32.875,32.951,32.9,32.905,32.762,32.929,32.842,32.834,32.938,32.839,32.792,32.854,32.793,32.947,32.787,32.874,32.79,32.858,32.754,32.81,32.802,32.894,32.893,32.838,32.819,32.825,32.783,32.776,32.912,32.774,32.844,32.929,32.835,32.893,32.926,32.828,32.889,32.835,32.953,32.878,32.845,32.956,32.905,32.803,32.777,32.951,32.894,32.838,32.924,32.855,32.921,32.865,32.834,32.914,32.859,32.783,32.907,32.941,32.919,32.862,32.885,32.919,32.781,32.961,32.913,32.788,32.781,32.781,32.89,32.941,32.953,32.833,32.757,32.889,32.95,32.846,32.816,32.859,32.779,32.946,32.939,32.904,32.79,32.938,32.877,32.935,32.764,32.93,32.878,32.893,32.815,32.768,32.957,32.871,32.925,32.903,32.766,32.925,32.765,32.913,32.809,32.815,32.783,32.814,32.77,32.9,32.926,32.915,32.954,32.951,32.763,32.873,32.855,32.864,32.824,32.897,32.764,32.859,32.792,32.806,32.913,32.87,32.787,32.902,32.936,32.865,32.821
32.904,32.871,32.794,32.941,32.801,32.886,32.777,32.884,32.83,32.843,32.927,32.847,32.778,32.856,32.781,32.964,32.756,32.807,32.916,32.914,32.874,32.778,32.777,32.836,32.879,32.799,32.933,32.774,32.947,32.919,32.813,32.965,32.831,32.927,32.796,32.798,32.803,32.847,32.77,32.829,32.824,32.845,32.789,32.918,32.891,32.953,32.764,32.891,32.947,32.875,32.842,32.849,32.86,32.806,32.801,32.791,32.852,32.793,32.938,32.863,32.788,32.857,32.909,32.855,32.788,32.754,32.882,32.81,32.945,32.838,32.839,32.807,32.817,32.904,32.776,32.882,32.81,32.874,32.817,32.851,32.862,32.948,32.924,32.917,32.797,32.879,32.784,32.85,32.812,32.907,32.827,32.843,32.854,32.766,32.835,32.902,32.838,32.828,32.772,32.901,32.864,32.963,32.761,32.772,32.948,32.947,32.891,32.937,32.802,32.849,32.93,32.864,32.822,32.757,32.78,32.83,32.835,32.754,32.877,32.84,32.941,32.888,32.767,32.81,32.827,32.776,32.841,32.827,32.847,32.859,32.96,32.848,32.92,32.849,32.805,32.817,32.882,32.953,32.905,32.834,32.824,32.789,32.927,32.932,32.929,32.919,32.926,32.838,32.799,32.807,32.925,32.796,32.919,32.831,32.909,32.807,32.961,32.875,32.85,32.759,32.806,32.927,32.857,32.834,32.768,32.877,32.853,32.818,32.921,32.838,32.922,32.819,32.783,32.785,32.867,32.79,32.94,32.854,32.854,32.91,32.939,32.944,32.95,32.768,32.909,32.852,32.869,32.878,32.894,32.776,32.881,32.918,32.762,32.801,32.763,32.813,32.9,32.957,32.873,32.797
