-7,-7,-7,-7,-7,-7,-7,-7,-7,-7,-7,-7,-7,-7,-7,-7,-7,-7,-7,-7,-7,-7,-7,-7,-7,-7,-7,-7,-7,-7,-7,-7,-7,-7,-7,-7,-7,-7,-7,-7,-7,-7,-7,-7,-7,-7,-7,-7,-7,-7,-7,-7,-7,-7,-7,-7,-7,-7,-7,-7,-7,-7,-7,-7,-7,-7,-7,-7,-7,-7,-7,-7,-7,-7,-7,-7,-7,-7,-7,-7,-7,-7,-7,-7,-7,-7,-7,-7,-7,-7,-7,-7,-7,-7,-7,-7,-7,-7,-7,-7,-7,-7,-7,-7,-7,-7,-7,-7,-7,-7,-7,-7,-7,-7,-7,-7,-7,-7,-7,-7,-7,-7,-7,-7,-7,-7,-7,-7,-7,-7,-7,-7,-7,-7,-7,-7,-7,-7,-7,-7,-7,-7,-7,-7,-7,-7,-7,-7,-7,-7,-7,-7,-7,-7,-7,-7,-7,-7,-7,-7,-7,-7,-7,-7,-7,-7,-7,-7,-7,-7,-7,-7,-7,-7,-7,-7,-7,-7,-7,-7,-7,-7,-7,-7,-7,-7,-7,-7,-7,-7,-7,-7,-7,-7,-7,-7,-7,-7,-7,-7
2.9087,-0.58197,-4.3027,-11.776,-8.8895,5.3297,-4.2933,-10.382,2.5455,-8.5496,1.1885,-0.0052359,2.524,-10.584,5.1718,6.3387,-3.1158,-6.2794,4.342,3.5307,-6.8184,4.8396,3.7923,3.0567,-5.9911,-3.1607,-9.6566,-4.8415,-4.4748,-10.162,5.6845,2.6086,-5.2162,2.4433,-0.17995,-4.1761,-5.2712,-2.655,-5.5788,-10.456,-0.9851,-4.4047,-6.3122,-3.5637,-4.6276,5.5343,-8.5128,-9.6669,-10.963,1.3809,2.9368,2.2604,-9.5913,-11.858,-3.4752,-3.5966,6.1471,1.2627,7.2459,-2.1014,1.4512,-3.2391,-5.1424,0.89452,-7.7617,-3.0907,-8.8543,4.2509,2.5203,-10.587,-8.4584,3.7819,5.8082,5.8897,0.27801,2.3459,-8.5099,5.3376,-8.4797,-8.3515,4.8627,6.8343,-1.5542,-7.0127,-12.337,-7.0147,-11.617,6.6485,-9.7386,-4.1559,3.1466,-7.6369,1.3487,4.0805,-10.516,-5.6501,-4.7932,7.419,6.4797,1.8903,2.156,3.7007,-6.1438,-0.69595,-5.394,-8.7668,-2.1259,4.6939,-6.7664,2.9886,-0.23458,-1.7901,-1.1817,6.261,-10.751,-1.6341,5.8146,-3.7581,1.7875,-7.0922,-6.0996,-7.3985,1.0942,-3.059,-3.8479,-3.836,4.1922,-1.8658,-9.1675,5.24,-5.4315,6.6691,2.8732,-1.1227,-4.5258,-3.2229,-10.423,3.9864,-0.87013,-1.6699,-11.667,-12.141,-11.416,-9.027,1.0536,-3.477,-10.204,-10.372,2.2847,7.2994,6.8248,-10.296,-5.2755,-1.8741,3.2611,3.9484,-10.83,-2.135,-7.5245,-6.1207,2.0315,-6.9833,-2.9564,-4.5284,-5.6329,-4.3805,1.7234,-1.6457,-2.1662,3.3864,-12.254,-5.3615,-5.2451,3.4666,-6.1742,-7.7621,-3.1145,-7.6063,5.7725,-5.3747,2.8414,4.242,1.4016,1.6775,-1.9525,-2.036,-2.7905,-7.3704,5.3215,-7.702,-8.8612,-10.689,-7.368,-0.72708,-10.589,-6.9398,-8.7894,2.7146,6.3002,3.6361
-6.3568,2.4077,-7.5295,5.3815,5.8875,3.7009,-12.052,0.81359,-0.70026,1.9901,-9.0169,7.6469,0.69093,-9.1091,-1.5261,-0.94207,-0.60451,-1.5383,6.9176,5.3736,-10.574,6.7921,-7.0601,-0.23728,-1.5094,-9.5051,-8.3472,-0.36315,-3.3742,-7.8639,-10.772,-8.0982,-3.2106,-8.0032,-0.22135,-9.5955,7.185,5.1525,-1.1805,-12.763,3.2156,3.655,-12.246,1.1689,-11.968,3.365,2.9363,-0.45886,-1.5936,1.0907,6.4134,-10.416,6.9809,-3.0295,-7.258,-10.885,-1.4009,6.8776,8.7849,5.2913,-1.8298,3.2285,5.0845,-8.3205,-10.636,-2.2242,-10.495,-3.4628,-4.8334,-11.332,-3.3734,8.266,2.6828,-0.76775,-1.773,-1.8227,5.4106,-6.7662,-0.68054,1.1109,-2.9403,-8.4675,-1.5864,4.375,-1.1866,-0.51217,0.6603,-7.8639,-12.387,-11.938,5.0218,2.8046,2.0286,6.8952,-4.2075,2.3064,-0.4895,1.4964,-6.0788,-6.1907,3.4099,-2.0775,-6.0178,-4.139,6.556,-1.8412,-2.4439,5.8824,2.2494,-11.155,2.5076,0.56479,-7.0431,6.3483,1.2153,-3.3331,-7.404,-5.078,-3.4256,-0.34484,-9.4896,-9.2882,6.612,2.689,1.3286,3.8724,7.799,2.0462,0.15641,5.5607,-6.9354,-3.5448,6.5986,1.2774,4.7091,0.34199,-12.193,-3.4849,4.322,-10.903,3.2022,-3.8135,-0.48665,-12.423,-3.3698,3.5187,-4.1644,6.9798,0.46001,3.3461,-2.3572,-2.1135,-3.2629,-8.7649,-1.8918,5.8977,5.2542,7.0659,-3.7361,6.4488,1.4221,4.2445,0.97367,4.1371,-0.25825,-8.3409,-10.477,-6.5425,-11.401,-0.38184,2.022,-1.8938,-4.1025,4.7414,-6.6446,-4.365,5.8069,1.0633,-1.1415,-0.75789,-0.21108,-9.1404,-2.5989,0.87266,-3.2259,-1.888,7.3585,-0.16364,-6.267,1.1696,-7.0783,2.7953,-3.4823,3.6944,6.5469,-1.1044,-11.159,5.0895,8.0453,3.1594
2.2823,-7.4563,3.5397,-9.0541,-10.543,6.0283,2.9647,-6.3465,-9.9898,-7.9938,-7.114,4.8696,-6.9995,-0.31036,-3.2523,1.9672,-6.8689,1.3987,3.2229,1.968,1.0324,-6.08,-8.803,7.8815,-10.194,2.8924,2.0174,6.3404,4.8162,7.4463,-3.1499,6.0068,-11.963,-0.80436,4.8832,-3.7184,-4.4046,2.7108,-0.47603,-6.2326,-2.725,4.6862,-4.9535,-7.1688,2.4758,-8.3592,-4.9741,-5.2691,-11.682,3.8976,-1.1007,5.2936,-9.3892,-2.8843,-1.0645,-7.2856,-6.0854,5.4077,0.75065,6.1439,4.6696,1.1828,-5.659,-4.7019,0.92275,-10.885,-5.5621,5.7704,-6.8392,0.94734,-4.9284,-9.8994,2.5345,6.059,7.6725,0.3835,-4.3466,-7.0315,-4.8893,-0.90845,2.2497,2.7957,-7.0315,7.4192,7.4202,-2.1865,7.0137,-7.3774,5.303,-2.6383,6.4539,7.8052,-6.5605,8.3438,-2.4725,0.70756,-9.3866,-0.38517,5.1174,3.6662,-4.2251,-7.6942,-5.0973,-3.7155,4.1732,-4.4021,-4.5128,-3.9042,3.007,-5.7698,1.4069,-3.4128,6.2689,2.5271,-7.0599,-7.7954,6.7424,-6.4177,1.8245,-2.9177,-12.573,2.085,-9.5755,6.9174,1.8254,0.31423,8.1541,5.3347,-4.0997,-4.9834,2.9083,2.995,-1.1481,-10.528,-2.0833,6.5948,-2.6557,7.2383,-5.9271,-10.083,-0.88073,-0.038191,1.5881,-9.6093,-6.256,-8.0769,-0.78939,-5.3683,-10.017,-2.7709,-11.838,0.24347,-8.2354,-2.1908,-6.9894,-7.7804,3.0433,-6.6284,2.3173,-4.6037,-7.4611,-0.72792,6.4449,-9.8573,-6.2918,-3.3544,-9.0877,-11.818,-5.7311,-6.0871,4.649,-0.87712,7.6233,0.099988,-7.8696,-4.6902,1.0574,-10.256,-3.5289,-9.9967,-11.065,-12.399,3.2181,-4.0022,-0.90313,-10.079,-7.4058,4.3657,-0.57126,2.4003,3.8248,-0.20986,-2.5064,5.6584,-1.6271,-6.8301,-4.4656,-1.7055,-4.8331,-8.3413
1.2203,-5.6582,-4.3943,-3.3376,-10.132,4.6158,-2.9575,0.1311,-5.7589,-10.613,-2.0525,0.48411,-5.3096,7.9535,-7.9955,8.7866,-1.9588,-7.0737,-6.3377,3.4555,2.8521,7.5248,-9.6117,1.4625,6.3019,2.6883,-6.5467,0.86422,6.5358,8.8998,-2.241,2.6037,-9.7834,-6.7708,5.8478,-10.078,-9.4235,-1.2155,8.2083,6.5695,-7.7945,1.4692,-9.2218,-0.73337,-6.1747,5.7336,0.021203,2.2208,-8.0467,4.0155,-8.1664,2.7109,-2.1182,-11.109,1.5308,-1.0661,1.2486,2.9563,0.65307,-7.7993,3.5673,-5.2818,-10.407,-1.7907,-3.1036,-1.8427,4.5342,-8.1782,-1.719,0.3597,3.0751,-4.6676,-8.3903,6.0304,7.3027,-0.54401,7.0781,-1.7669,-11.469,0.95097,-5.3263,7.9749,-6.6897,-1.2621,-5.4943,-8.9916,-6.5016,0.089576,-4.896,-6.0544,3.103,-2.6336,-11.209,2.4014,1.553,-2.0366,4.8372,-10.177,-6.0421,4.4488,-0.57369,-2.6878,-8.5445,-0.28124,0.16382,-0.35719,6.1525,-7.0329,-6.4246,4.9149,-9.636,5.2004,-3.2147,-0.076313,-1.633,-2.8701,-10.014,-5.9665,-9.5268,5.3475,-8.2952,-9.4791,-1.3599,-3.7872,-3.4373,-1.7701,5.7263,-0.85165,2.5969,-3.9079,-2.1803,-0.71248,-2.7288,3.0419,6.4206,4.2599,3.0376,5.7899,-11.371,-2.6337,2.0097,-4.4214,-10.246,-10.329,-4.9154,-11.48,-8.9526,-9.4505,-1.6296,-11.33,4.4622,4.0366,4.7006,-8.835,6.3283,-1.7133,-5.3852,6.6077,1.1107,-5.8424,-0.84084,-10.859,6.4687,-7.9632,-10.643,1.3057,2.1932,-11.468,-8.5289,3.9118,-6.8884,5.0862,4.0277,7.574,-0.89109,-2.0034,-0.81511,-5.5303,6.0444,2.9808,0.096471,-1.2137,0.88699,6.1159,-8.4316,-11.199,-0.92054,2.5119,-9.1958,5.7125,7.9894,-9.0108,2.4546,6.7071,0.55909,1.8002,-2.5155,-6.1669,1.0501,-1.7702
-3.9884,-0.42322,0.44783,7.0842,4.5227,3.691,-4.3787,-4.7981,6.6004,-0.3297,-5.2963,4.3399,0.43834,4.0661,3.0494,2.662,-11.185,-0.21718,3.2165,-9.5679,-3.1349,9.5233,7.2799,8.4905,-8.5872,0.94056,-4.2675,-6.2247,4.596,7.3218,2.8282,1.0721,-2.9411,-2.7785,8.4883,-7.0802,-11.588,-0.33868,-9.5099,-6.3064,6.4133,7.3788,1.4634,6.9538,6.2177,-7.3773,-2.0238,-7.6109,-11.092,-9.0053,1.5547,8.8549,-9.6098,4.1422,-6.9285,-7.8608,-8.9248,1.2101,-5.3684,5.068,-0.96957,-0.48166,1.4813,-8.2591,2.7496,-3.6438,-4.524,2.2495,7.488,-8.9127,2.0455,3.5004,-4.683,-9.8338,-3.8965,-5.7036,6.1766,-2.7885,-7.1212,2.2663,-7.006,6.4462,3.0606,-1.6928,-9.7709,-4.7277,-5.1153,-5.8142,-9.7977,-6.6801,5.0178,3.0899,0.49599,0.40432,-5.2292,8.6931,2.1686,2.4297,-2.1139,-10.08,-0.43502,-7.3663,-5.4971,-0.98273,-0.17699,-0.53538,-10.151,1.364,8.1245,-9.2988,1.2549,3.1108,-2.8653,1.1847,6.5624,3.0492,1.3999,-7.7699,6.7357,-4.0603,-5.2175,-11.183,0.0713,-1.6884,-8.5378,-1.2128,-8.0687,-5.8311,8.7891,-1.5106,-4.8009,-10.083,2.9856,-8.1675,4.3529,4.5511,-2.5052,-2.7139,-0.20346,-4.5324,7.6604,5.6962,-0.60261,4.8263,-5.3458,2.6628,6.1757,-10.145,5.9768,-5.0142,1.065,-2.9042,-7.9281,0.49258,-5.3518,8.3285,-1.7981,-7.7328,-2.3426,-3.8624,-5.8894,-4.4784,9.1228,-7.6797,-4.6147,8.7492,-9.9872,-1.0386,4.8726,5.4896,8.1042,-4.9152,-6.5646,-5.7977,3.384,7.6977,7.9151,5.4041,0.44626,-10.841,-7.6329,0.2133,-1.1679,-5.1491,5.4134,0.75024,1.058,-7.8451,-9.5794,3.699,-8.7642,-1.0408,-4.9439,-7.3854,-0.027234,8.8727,5.5736,-6.2869,4.4741,-3.0797
8.5818,-4.4164,3.4281,4.3668,2.8548,-6.7813,-2.3411,6.4332,3.156,-9.3996,-0.085134,-7.7393,-10.226,4.1517,-3.0482,1.5303,-2.4385,4.7759,-3.4098,-1.0973,7.2193,-0.20272,-3.9568,6.8482,-10.952,0.099281,3.1536,-9.6106,5.872,-2.0813,7.6352,-7.7582,-4.3821,-6.1077,7.0069,-0.58348,-4.9452,2.3552,-0.37391,-6.3296,-1.7251,-5.3546,0.13634,6.9076,4.3672,4.0515,-10.19,6.9967,-0.98243,2.702,-8.3994,4.7741,6.7693,1.3874,-0.33521,4.2846,1.2419,2.5574,-2.5621,5.947,-0.039776,-6.6456,-10.276,-8.712,-10.072,-2.2891,-4.1297,-3.8673,6.1984,-3.6403,-8.9182,3.6268,-0.32351,-5.3915,6.0644,0.33017,-1.9206,1.055,-5.0406,-7.6422,-2.1325,-7.7672,2.3705,7.9417,-7.7376,2.1582,-6.8726,-3.3116,-7.855,3.1491,-9.9648,9.1762,7.258,3.5313,-10.428,7.3645,8.9791,2.5016,-7.0564,4.3499,5.3481,-5.4994,2.6015,-10.348,8.5357,2.0535,2.6608,9.2154,6.9446,2.8991,5.2905,-8.2434,6.7908,-4.018,3.2173,-5.1431,-2.6764,-4.0352,8.2197,8.8025,-9.6204,-0.82063,3.9057,4.5699,-5.7247,-4.9633,-8.5084,7.2062,-0.51923,-5.7283,-2.6619,-10.231,-0.28255,-6.9965,-4.4813,5.787,1.4902,0.92666,-4.478,1.4934,7.6223,-9.6168,2.4916,4.3151,-6.8706,4.5292,4.3334,4.2124,3.9242,-5.4889,1.1924,-10.648,-2.0991,-5.0075,-10.378,-8.0474,-3.0001,-9.8267,-1.5858,-5.8996,-0.020976,-8.2025,8.2802,-3.8844,7.869,-1.7841,-8.9457,9.5028,8.3284,5.757,-7.4774,-4.1363,-9.7217,-8.3749,8.5885,8.6169,3.6895,9.5605,3.1114,3.2172,4.55,-2.3699,-0.66607,5.0707,3.7618,6.4568,-0.081632,1.288,-1.1763,9.1598,-7.7471,3.3417,2.6289,-4.0866,-4.8217,1.1972,4.1371,5.424,1.9567,-1.4604
-4.5015,2.1695,7.5693,-6.9426,4.8923,-6.0581,-4.813,-9.5629,3.1192,-7.1705,2.3334,3.8276,-2.8632,-9.2301,-1.0543,5.731,6.0019,6.5029,0.42837,-6.4453,-7.1013,-5.5284,-4.7638,-6.0067,6.9796,-9.6441,5.2572,-2.5146,-3.448,4.6494,-7.2288,-10.369,3.709,3.6409,-3.0971,-0.0023777,-4.8768,9.5032,0.1037,3.9115,2.1991,-7.4438,-4.0062,5.6696,-8.0365,1.7654,-9.596,-3.3617,9.0363,-0.92784,-2.9022,-8.3332,-3.9281,-7.43,1.598,8.325,0.94581,5.2869,-0.99538,2.834,1.2858,-2.3732,-5.5315,-2.4325,-8.6161,2.294,8.6465,-0.8573,2.378,1.7699,-8.5877,8.3802,8.6578,-6.7725,2.9847,2.1828,7.0417,7.7469,5.1853,6.1501,7.6838,5.5279,-7.4693,-2.0827,-6.5723,7.7731,4.1647,3.6806,-6.5795,-0.07102,-9.6655,4.0429,5.9206,-2.0985,-11.048,-5.2597,1.0426,9.8195,-0.053145,4.7454,3.6534,-6.1479,0.16094,0.32859,-6.4654,1.3307,2.2303,-6.0666,4.7494,7.7463,6.4473,-3.7406,-0.43737,-0.73314,-5.829,-4.9542,0.60071,6.9557,0.30994,-4.6774,2.1067,-4.2131,9.0639,-5.2108,-10.148,-0.00065788,3.639,3.3437,7.0959,-3.1536,-5.6752,7.2499,0.22268,2.0258,6.7099,0.2726,-6.761,4.4106,3.6601,-0.74052,-2.19,-4.6108,4.2251,-1.4257,-9.0813,4.9434,-3.6845,-5.8914,-6.7797,-5.3764,-8.0971,0.30713,-4.4513,-0.42725,2.8632,-6.7662,8.6183,-1.9061,8.9414,6.5788,-9.5999,-3.0737,-5.3242,-2.6955,-3.569,4.8028,1.3824,2.0414,-8.152,-1.6623,1.8542,6.52,-10.121,-3.1987,-2.102,-3.2238,3.5037,5.7693,-9.9432,2.4496,4.2701,-2.2958,1.2256,-9.6474,-2.2612,-5.8676,8.2257,-3.5492,-3.4493,10.109,-8.6619,-7.8016,-3.0096,-8.807,2.4572,4.0285,9.8282,-0.99164,-3.0196,-8.7711
4.0586,5.4443,-3.4309,8.6562,-7.2074,-4.118,-9.8416,-9.8736,6.6967,7.2054,2.0879,2.6334,3.9777,8.3124,1.3935,-2.0203,-4.798,-4.582,0.93548,-4.9758,1.4428,-7.4731,7.9859,-5.432,-1.0291,-7.4333,8.6077,-6.1177,8.0239,6.7931,-1.0827,-0.51477,3.9416,-5.8917,5.1269,5.6699,-6.647,-4.7554,8.8146,1.7168,-9.7393,0.65347,0.71294,0.8218,-4.6976,-3.1756,-6.3187,-6.4347,-0.24769,2.0302,8.628,-9.8226,3.7392,4.0191,-4.8739,-2.1328,-5.7699,5.2581,-5.9789,-1.2432,-9.716,-6.7764,6.4388,-2.1446,-2.8413,-5.7057,5.4876,-5.9338,-7.8607,4.2308,-9.9729,-0.12953,7.0883,-3.1839,-6.4602,4.0421,4.6796,1.0142,-4.281,-2.5895,9.1762,4.6583,5.9688,-9.42,-6.0502,5.46,-4.5161,-9.2664,8.5173,1.4395,4.7088,9.0379,-6.9443,6.7459,-5.2906,1.8658,-5.6205,7.0081,0.64707,-1.3848,7.4401,7.5801,4.2688,-5.7069,-7.1631,1.3972,-9.9307,-5.1947,-1.0367,-4.1783,4.6746,-2.6933,3.5314,1.0921,-6.2229,8.2541,2.9783,-8.3403,-3.6057,-4.937,3.4456,-2.4714,-0.73838,0.52896,-6.0852,8.9264,8.5103,-6.1567,6.8721,-7.8794,-0.3347,-1.4465,5.0021,3.3108,10.411,-7.0385,-8.1253,-2.5763,10.05,2.7947,-0.28849,8.4665,-3.9811,-7.639,4.6446,7.9185,-9.4382,7.7915,-9.1902,-5.0345,-1.8096,5.978,7.7112,-1.0699,-5.3865,7.9173,6.6329,-10.011,3.7685,-3.4516,1.0066,2.1612,2.5522,0.89945,-10.383,4.4642,6.7218,-7.787,-3.314,-1.9884,1.082,-5.3241,-2.7619,-2.9227,7.0317,-0.37572,-3.1092,5.0741,-7.5473,-4.3121,-3.6855,-8.4168,9.3662,5.4323,-0.50653,-9.7198,-2.2775,5.0562,-6.6506,2.7584,-6.6765,-7.9316,-7.3733,-4.55,6.3538,-5.213,8.3239,7.7131,-5.5667,5.6609
6.5043,-0.43463,0.020566,-1.6691,7.9961,-3.4393,-0.12635,2.5425,7.3182,-6.2164,-3.5724,-5.3947,1.3895,-8.5631,8.8921,1.2427,5.2018,-3.7814,-7.9999,-4.7879,9.8233,-10.812,1.3374,2.7963,7.7286,-2.0138,4.7477,-9.013,4.8527,10.335,7.0811,-0.10324,-5.636,0.49509,-7.7012,6.8897,3.3367,-2.888,3.914,-3.7724,3.3385,-6.2886,7.4958,2.2587,-5.4571,-3.6759,-1.327,-2.6572,7.2818,-1.9965,-5.5574,8.7965,-5.8396,4.2221,1.0769,5.1012,-6.9305,0.22313,5.8943,6.5361,-1.023,1.3274,9.757,1.3504,-3.7389,-3.9353,-3.6742,6.7517,-1.0366,6.1341,-5.6653,-3.8337,-0.64136,-9.4687,-1.2094,-2.6107,-3.366,-3.5231,4.1544,1.9386,-3.7852,6.2609,3.4166,-9.4326,6.8621,3.51,-2.273,0.69361,2.5133,-7.5271,4.2081,10.267,2.4372,3.6357,-7.8785,-5.7548,5.3069,-4.961,-0.21575,-0.73054,-3.0509,3.1428,7.5719,-2.1019,-5.4716,5.6812,-7.4223,9.0236,0.65535,-1.1801,6.7561,-10.169,-1.9349,9.7662,-9.2372,5.149,6.4962,-8.3763,9.1286,8.9689,8.6705,7.7824,-8.2846,-0.040766,-2.1213,2.5671,-6.9582,-3.4356,0.37202,5.7418,-6.4948,4.153,4.7329,1.3313,9.1648,-9.1705,4.5089,9.0872,-6.0739,-0.96966,-7.2251,7.0747,-9.6211,8.9155,1.4825,0.0061405,-4.2107,6.7575,4.082,-10.393,-5.3371,5.1206,-5.5453,-4.43,-10.02,3.8104,7.5069,3.7618,5.3537,-7.7415,4.4228,-5.7805,-1.3164,-3.0785,0.49456,-9.7316,-0.50545,-4.1522,3.4464,1.707,-3.6455,7.4678,5.8572,8.6172,2.2954,4.599,2.3398,-3.2851,-7.6179,6.812,3.1519,5.0189,-0.9454,4.9831,2.3522,7.7025,7.6864,1.3802,3.7106,8.9762,-9.1316,-9.9114,3.1213,-8.9204,1.412,-0.3636,-7.3904,0.68785,6.8328,-2.7317
-3.8016,3.5917,-0.58525,-6.856,-1.1042,6.0714,-1.1071,-6.6097,10.006,-4.6102,-5.0703,-4.0799,-3.2893,1.6771,3.8012,9.3319,2.337,2.566,-4.1268,-7.7919,-5.4832,4.7566,5.796,-2.6925,-5.9645,4.4382,-4.1393,-9.3195,4.4104,9.8753,-1.833,7.1422,0.6089,-9.168,1.2425,0.69796,4.2199,-7.2687,-3.2789,-7.6076,-2.11,8.723,-0.88161,-9.8063,-1.4203,5.2764,-2.5538,-9.5852,3.2284,-8.9008,-8.2487,9.1317,8.7371,6.2934,2.6067,5.464,5.1194,1.1426,8.8953,3.9828,9.2359,4.6331,-0.73118,-1.3789,-2.9305,-8.2392,-0.82446,2.2329,0.68622,7.1575,0.39631,1.8475,-2.7612,-7.8874,1.6411,8.5958,0.33517,-4.1854,-7.8541,4.3264,0.15784,6.3971,9.0757,3.8453,-1.5878,8.8954,-7.8621,4.8844,-3.0844,4.4879,-9.2151,8.3121,8.0622,-0.21371,-0.24092,-1.5182,8.6802,-4.6587,-8.2094,1.2882,-1.7043,-7.7013,6.3691,-8.9871,7.1237,3.567,-1.4304,-4.9724,3.9435,4.9606,-7.436,7.8828,-8.5099,-3.4689,4.8875,4.3663,-2.2677,8.4772,-7.0408,-0.17801,-5.3838,3.0718,7.8232,-2.6071,-9.5562,5.3681,7.8956,6.027,-1.5599,-1.6006,3.5362,-2.5645,-2.504,-3.8255,7.5029,-9.0902,2.0056,-7.9417,-10.256,-2.5824,-10.782,-0.25221,-4.9018,2.7965,4.7245,-1.1585,-3.237,-3.8127,-2.9274,2.9015,-6.9647,0.42077,-4.3969,1.7526,-6.9404,-7.0776,-8.7959,3.5689,-3.4302,7.3322,-7.3465,8.8142,7.0041,-10.379,-3.5081,-1.8203,-1.2221,-1.7617,7.1331,-0.41755,4.1777,5.5946,1.0165,-0.16198,1.0516,-6.2985,8.1104,-3.7497,-2.8174,3.6363,0.63405,-8.7714,4.3242,-0.75145,4.5273,2.7426,-0.059845,4.8254,-2.6418,3.5773,0.58208,-8.2509,-7.0053,4.4094,-7.751,-7.5082,-5.5867,-1.2554,8.5378,6.8718
-8.2015,-2.4606,-2.7413,-9.6172,2.5171,-4.3567,-8.212,4.2792,4.0648,0.16784,-2.4233,1.8202,-7.4051,4.5088,-8.2465,-0.8039,1.6798,7.0865,-0.64451,7.7513,3.996,9.4145,-4.9471,-6.7293,-1.4642,7.2196,-9.0785,0.070727,9.3206,9.3312,8.0252,4.2848,-8.8529,-10.739,-6.0475,3.5932,-7.7138,-1.0445,-3.2034,0.64475,0.68752,4.0917,9.2774,2.1843,5.4835,4.4259,6.8354,3.7065,2.6124,4.5426,5.8009,-2.464,4.5201,-2.5024,-8.7578,3.8509,1.8076,-7.4595,3.6315,-7.8592,1.0567,4.965,-8.314,-1.0196,3.3873,7.4047,4.6982,8.9442,-6.049,2.48,-8.3789,0.23595,-3.4916,6.8374,-4.9446,9.9889,-0.17139,-4.1235,-1.6447,5.1947,-7.9673,0.97083,10.023,8.6648,3.7773,-1.2417,2.7402,-1.1867,-3.3556,0.55365,-5.0264,5.533,1.4672,-3.7647,1.7359,-8.0368,5.1338,-2.7566,1.6799,3.6756,-7.2568,6.5929,1.3109,1.6088,-8.4958,0.8398,2.3975,0.95135,9.1973,-6.8589,-6.7357,3.8754,-6.8461,-8.2117,4.2705,-1.2378,7.2778,-1.1066,9.0826,-1.0747,-2.7878,8.0672,-6.0081,4.4724,-5.6785,7.0444,-7.5977,-7.1608,1.1499,3.0137,6.5878,0.86874,-5.5395,7.3975,-4.124,1.7018,8.8357,-9.5624,6.1244,-4.3391,-1.1764,-2.5345,-1.7892,-2.0845,5.7081,-6.0258,9.354,8.372,7.3518,-3.0526,1.568,1.2546,2.2582,5.0431,8.5192,-4.7571,2.3251,4.5239,2.9013,-7.0864,4.9991,4.2074,2.4673,3.5113,-3.2889,8.1956,8.5821,-5.2503,8.2195,1.0746,-8.661,-2.661,-6.2439,0.36421,0.14993,-8.8779,-2.8995,-0.17165,-0.46872,7.0717,-6.3777,1.1138,4.7477,-7.094,4.9435,5.7087,-7.6304,8.7079,-1.164,-6.3668,7.7268,-1.1097,-6.3373,3.6038,-3.7325,-0.27619,-2.0646,-2.4451,3.1001,4.9116
-2.7075,8.4271,-3.0293,-0.44698,0.056618,0.066329,5.5354,-9.3878,-9.3034,1.4061,8.6824,-1.7462,1.5683,-2.0403,7.6627,0.23304,0.61702,4.2083,-8.7703,1.9647,-9.4587,-1.7932,4.2249,0.14563,-7.0123,6.8804,6.547,9.0984,-7.4323,5.725,-4.7811,-7.7527,-5.9044,1.0527,-10.65,0.93035,-1.7594,-1.8841,3.2167,-6.1946,-2.9884,0.35933,-5.6188,9.1907,0.23129,-8.5303,2.5844,-7.9429,7.6446,-2.5102,-4.0117,-4.8977,6.7229,0.70113,7.3347,5.7817,-9.1123,-9.165,-5.3404,3.3784,-7.9026,1.9531,-7.709,6.342,2.2328,7.523,-3.0525,1.8917,7.4183,-4.4742,-1.6614,-3.3933,-7.4508,-7.6376,1.6421,-1.2085,1.1317,-2.8421,2.0243,9.6902,-3.733,-6.434,-4.3029,-0.0067319,2.323,-0.18965,5.3287,2.2295,6.9863,6.8251,-7.8345,-3.3763,9.7353,-7.4081,0.10195,4.1841,6.2567,2.2343,7.9047,-2.3778,8.0991,1.8702,-7.6473,-8.2934,-4.8361,-5.8047,1.7901,-5.3853,5.0514,4.136,-5.759,4.0215,-8.0744,-5.2689,-7.2062,-9.383,2.2758,-5.4216,-7.2786,-8.3098,-7.541,6.6657,-6.9706,-4.3095,4.7217,-6.309,6.4159,4.9598,7.7711,7.579,-3.0806,-6.1399,2.225,4.7067,6.0199,2.9596,5.2742,0.82611,1.8163,2.4927,4.8714,7.0107,-8.1704,4.6333,8.0647,-8.5337,4.1818,0.59528,-2.3799,-3.3491,7.5156,-10.028,4.8252,2.8247,4.8501,0.93048,8.9685,2.7104,-2.6773,2.7355,2.2484,-4.8217,7.2784,-5.6696,1.0221,-4.9995,8.3373,7.6903,-5.4727,-6.5087,-1.7161,-7.689,7.8577,6.238,5.4818,-1.4955,-3.7368,-6.9745,-5.8965,-4.9909,0.35878,-2.2779,-7.7352,7.1444,7.4393,6.8872,2.6374,3.3837,-0.16558,8.3144,-2.7025,-2.2623,3.5422,-0.68016,-10.495,-0.77479,-2.9444,-6.5824,-0.59926,-9.2127
-6.1444,-0.19838,7.5979,-3.7007,-4.4033,-10.189,-7.7296,-0.79384,-4.074,8.1611,-4.279,3.0685,-8.1697,-5.5215,-8.9052,6.1081,5.9097,8.6789,6.6312,8.1833,-6.3084,5.3997,6.9776,9.3113,-1.9589,8.816,-5.0967,-9.16,5.3316,-8.6079,-1.9073,2.8101,6.297,8.3935,-8.7757,-8.5103,9.0629,-9.4236,-6.0966,4.9346,6.2534,-0.31347,-5.364,9.4684,9.024,5.8515,-7.3863,1.8495,-3.6118,8.1247,4.1123,-4.3718,1.5599,5.7372,0.60274,2.1995,-6.1945,-4.4725,6.1662,-9.7732,5.3542,4.0155,6.1824,1.429,-8.0973,-3.3544,-1.7936,7.682,9.3003,0.15358,-8.3058,0.25767,-3.8177,-4.2629,-2.9861,-4.8739,6.6371,7.0594,8.4419,-2.0397,-3.3532,2.7465,-1.249,3.0621,-7.1472,-7.1316,1.0503,-0.15158,6.7092,6.5376,3.9989,0.45494,9.9168,5.9845,0.46033,6.5683,3.3535,6.4208,5.8331,0.01766,3.4049,4.1495,6.9801,4.1259,-8.0244,-10.325,-5.713,0.48547,8.0097,2.7682,0.25904,7.8184,-5.9553,5.7826,-9.3237,-5.0128,2.531,3.589,7.1363,-4.4232,-10.282,5.0229,6.101,8.2342,-6.2239,3.3144,-9.0921,2.058,7.2043,3.0123,1.0919,3.1549,4.8456,2.2602,1.0343,9.7675,-5.9488,4.2686,-1.7423,-2.3849,2.2517,-1.6145,-0.34924,2.5347,4.8537,5.6828,7.9496,-1.2228,6.2986,3.4609,-1.4619,7.3486,1.7953,0.8717,9.4837,-8.448,3.6183,1.265,8.3279,0.45003,-3.9232,-7.1969,7.3199,8.2185,-1.2848,4.2979,3.6522,-6.9271,0.68922,-1.4151,-1.2652,-6.961,-2.1055,-1.1482,-0.67105,-6.0857,4.928,8.702,7.5689,1.6995,3.9079,8.3866,-5.5828,-3.9556,0.97312,4.2186,-9.9151,-1.6872,1.2302,10.423,-8.9688,7.1443,-2.6835,-4.3346,4.3889,-5.4789,-9.0886,-5.6742,-4.3671,-0.57251
-9.0623,-2.7126,4.9684,-9.33,-7.8283,8.0513,4.3276,1.7455,-8.315,-9.3352,6.3972,1.9394,-3.7639,-8.6857,1.4507,6.8526,5.5081,5.9356,2.1204,-9.235,4.5915,-4.923,10.124,-7.2491,-4.4355,8.5743,8.5512,1.069,-6.4916,-4.5314,8.9739,9.7177,3.7372,10.351,-2.2577,-6.6843,-2.0759,4.4264,0.5252,0.32556,2.2915,0.22948,-3.4045,5.2749,6.1588,6.8013,-7.5488,3.641,-4.7494,-0.67712,-3.7598,-3.7829,-5.2731,0.80187,-6.0689,0.32409,0.92222,7.5459,-4.8262,-6.3843,7.6207,-9.058,-7.8078,4.9397,2.179,9.3047,1.4423,1.9212,-1.231,9.3872,-7.6209,-3.5718,7.3266,-5.2672,-4.6764,1.4619,3.3347,-4.6111,5.0864,4.0263,4.243,-0.84575,5.6458,7.2386,-3.329,5.3892,-3.2809,4.7127,0.21674,-8.0138,-7.114,-5.0648,-1.4579,-6.3117,-8.9281,-2.3408,7.6537,3.832,-6.9266,1.6825,-4.6679,5.7939,8.0109,6.4207,-8.46,-8.5187,-5.0515,-6.8872,2.0822,1.079,-0.80838,9.6339,-4.8178,-4.8701,-7.0477,2.8791,-1.6985,-5.5459,-7.088,5.1257,-7.3035,2.9422,7.8865,-1.7619,4.6437,8.8917,-7.8112,-4.8177,0.0045307,-3.7409,6.7726,4.2022,-8.2205,8.3705,6.5049,-5.4411,7.7486,9.7108,5.0194,0.018132,7.5986,-4.8185,0.74162,-3.5428,6.1983,3.4947,3.3086,4.6543,5.3932,1.3791,1.2606,5.2829,-9.3728,6.9045,9.8097,-5.176,6.0536,0.39863,-2.8285,-3.3085,-1.6596,3.3356,-4.3229,-6.9365,-2.5618,4.4649,5.9641,-7.2642,8.2569,7.5586,-8.8727,-8.718,3.4899,2.4627,0.69378,-0.79727,4.5607,5.8712,9.7934,4.4349,-0.50177,1.0452,4.1271,3.234,6.6428,-6.6973,-10.588,-4.7862,4.3928,5.0387,-2.5681,-4.1881,-9.0161,6.6956,-6.0356,-2.253,-2.9932,-1.1566,7.544,4.4896
3.6764,7.7335,7.1902,2.2847,-6.2502,-0.064489,2.1127,0.34327,2.0586,-0.6167,-7.011,4.4153,-0.40598,-10.696,4.1215,-8.9403,-8.3098,-6.6496,-5.0391,2.5215,-0.87493,2.2976,-3.7844,-7.4518,-9.1411,-7.9675,-4.5918,-1.9737,-8.6464,-2.4602,-6.9669,-3.9656,0.70462,-2.863,-4.9041,3.8212,-4.8146,9.3701,9.1893,0.030593,-8.2482,7.0706,-7.7593,-6.4436,-6.9603,8.8065,7.5717,0.59343,6.4751,-7.6979,-3.0255,4.8999,8.602,3.2233,1.4075,-9.0399,-7.3319,0.64435,-1.6316,3.6357,4.5403,7.5067,5.109,-1.4665,5.5703,1.8788,6.243,-9.4805,8.0892,0.55975,-7.6576,-9.5006,8.2311,4.4673,-9.2499,-6.2094,5.2505,-0.43676,-3.1801,-4.7885,7.8126,-6.9251,9.99,-5.7662,0.19635,6.8853,6.8498,3.1023,5.2574,-10.34,-10.542,-4.8767,-7.9533,4.8251,-7.0334,5.3547,-4.5884,-7.4979,2.3448,-4.8412,3.6857,3.415,1.8321,8.4299,2.8414,-4.8127,-5.4424,-5.1385,-5.788,-8.4498,2.496,-5.6322,0.25067,-7.3827,-0.10163,-1.5913,-8.8784,6.5253,-10.818,4.5204,-9.785,-1.392,0.33972,-2.051,2.8667,8.737,4.2247,7.1804,0.24313,-1.9947,3.3685,2.7642,-4.4545,-8.1965,6.9357,-6.2159,8.0317,6.8281,8.6528,6.7765,-4.2613,-2.0205,-9.4991,1.134,-0.54757,-9.3303,-8.8814,-3.8418,-4.3806,-5.491,7.1736,-2.6456,6.7793,-6.5168,-1.7164,-2.3089,-4.5931,-4.2679,-6.0021,4.1745,-8.7321,2.8159,4.2048,-6.1646,3.9596,9.7303,-0.70274,-1.3277,0.93183,6.4297,-5.3654,-3.0417,9.4751,-6.7406,-9.1079,3.0049,-3.7628,2.0263,-4.5079,-5.9629,-4.0102,-5.7258,-9.1696,9.4931,1.5843,-5.892,-4.23,0.39574,1.1353,-4.5312,-2.953,3.599,-1.2288,-3.91,-2.3458,-7.4043,3.1603,6.0975,-0.92618,-4.1716
-3.9057,1.5846,0.15772,0.77356,-9.2337,-8.9279,-8.4695,-9.0742,5.8984,2.0115,4.5273,-5.4699,7.2154,-9.9435,-3.5275,2.7962,5.4931,-7.8103,-6.5106,-5.4366,-6.575,-7.8586,-7.7386,-3.7597,7.2877,-4.0783,-4.8841,-9.5066,-7.6358,-6.7022,-3.5679,-4.7378,-6.4066,4.7321,-3.1095,-6.3875,-4.1091,-8.5903,-8.2393,-1.1052,-2.0521,-4.2576,-10.45,-4.1133,-9.968,7.4598,-1.1668,8.6483,8.8051,1.8789,-4.3988,3.6894,1.6558,4.8713,4.1943,4.0314,-9.1228,4.2432,-5.866,0.17721,2.1502,6.0332,-9.0818,-8.774,10.246,-7.0339,-2.3216,-1.9698,4.7523,2.9672,-2.2749,5.2429,-4.4564,-4.6441,-3.5543,-3.3843,-8.7879,-2.3815,7.8445,-4.4696,6.453,8.5708,-2.9945,9.0868,-0.463,-9.0957,-7.1516,4.9875,-6.5514,4.7097,-4.2925,6.6004,-6.4828,-1.5862,-2.0433,-4.1249,-2.5075,-2.2121,-6.2065,-2.701,-1.0606,-7.5154,2.3652,8.7385,4.6472,-6.9154,1.2487,-1.3016,-1.9294,-3.228,-5.9228,2.8313,-3.398,-9.028,-6.7343,8.6388,-10.507,6.8736,-10.399,-2.8206,-6.4766,-6.5402,-1.0882,3.71,2.1498,4.8077,-2.5631,8.515,0.54523,6.7817,-2.2063,-3.2345,-0.99568,8.8323,5.3572,7.6364,-5.5203,-0.53024,8.1776,0.80116,9.1751,9.3706,6.5387,9.9081,-6.5972,-5.3418,-5.5862,1.1879,3.6544,-5.1965,-7.6892,7.8785,-2.8434,-9.4305,-9.2701,-6.6615,-9.8801,0.26356,5.0218,3.0234,-8.555,6.6803,8.6155,2.5094,0.78648,6.6499,9.0109,-1.3046,9.6994,-9.1617,-5.8778,-2.5194,-1.713,7.9951,1.1322,-0.59989,-4.2668,-8.7751,8.2314,6.1247,-2.018,-7.1736,-1.8792,-7.9786,5.6744,5.8014,3.9626,-0.91964,-6.1322,1.7698,-3.627,-4.7747,0.45543,-1.1879,7.4128,-0.19414,8.049,0.53918,6.4604,1.3483
-4.3072,0.89348,9.268,0.89757,-10.796,7.6721,-0.015432,8.0757,4.8793,6.0852,7.2294,0.98883,-5.6419,-0.21158,8.3121,4.6014,2.1512,-5.1835,-9.846,-5.5638,3.0151,0.47522,-3.1593,8.6787,-1.6821,-7.9967,-5.8328,-6.6389,-3.4476,-1.3498,-0.29908,8.9145,-10.3,-9.6093,-6.9065,-2.9245,-7.3319,-5.0658,6.2618,-4.0274,7.6566,-5.1509,-6.0525,-4.6848,-9.1388,5.6968,8.4932,-6.5059,-7.5163,-6.4565,-8.2145,-0.82975,4.1826,10.082,-5.5977,3.7116,4.0087,-2.4525,0.62058,-1.9812,6.0515,6.5764,0.68509,-4.3612,4.1708,-2.8059,-6.8598,-3.4835,-0.31984,8.2134,-7.5204,6.3133,-8.8612,-0.92288,1.9503,0.54197,0.1071,1.8566,5.7697,-7.606,-5.1975,4.8889,-1.0809,8.0097,-5.5482,8.3322,5.3473,5.4785,-4.6645,6.6778,-4.4283,4.3572,-0.0565,-8.7202,-5.0218,4.6181,-0.48681,-8.6195,-9.0115,-8.6831,7.1545,-10.069,5.7127,-5.127,3.5176,8.8902,1.6871,-5.9896,-8.0805,-6.9281,4.9161,5.148,4.6702,-2.6072,1.9727,7.3005,-3.5396,9.7355,1.8253,-3.9876,-7.0519,-9.9939,4.8741,-1.4493,-8.9568,7.6347,-0.70447,-6.9658,0.3431,-4.6948,4.3639,5.8504,2.7575,5.7438,-0.68548,8.0513,-9.2334,4.025,-0.27159,8.9331,-1.7629,6.6576,3.4547,-2.7554,1.7693,-5.7722,8.7965,-2.409,-4.2262,-9.034,6.1788,8.7391,5.443,5.9479,-2.5733,0.94837,-4.4935,-1.9831,7.0022,1.3971,1.5127,-5.2081,9.0955,6.0669,5.2852,8.0213,9.3998,8.5308,5.995,-2.6208,-7.1788,1.2706,1.8506,9.3874,8.7316,3.7473,3.797,1.9043,3.5566,6.4832,-4.7954,7.4118,2.7587,1.5923,-2.1264,10.358,0.33997,8.7029,-8.6669,-8.8133,-7.2338,2.8048,9.2522,9.4521,4.0161,3.4823,7.7001,-2.7665,-3.1,-7.8634
-5.5055,-8.011,9.0069,-3.0211,2.0247,2.6348,6.6893,1.9963,6.4629,3.8894,-3.2646,1.1891,-7.3683,-0.53818,-0.60123,4.1003,2.8393,-6.9827,-1.8516,4.6767,-8.4857,9.1246,3.0255,3.3454,-1.2326,3.1299,5.7652,-4.3765,2.3158,2.139,3.6552,9.8573,6.2416,6.5519,1.0715,-5.2187,-0.22073,-0.61755,-9.2471,-4.135,-6.1731,5.1558,8.0836,-4.4163,8.6629,10.092,-2.3161,4.1298,-5.8734,-5.7778,-1.8821,2.3617,1.1455,-1.5568,4.5636,10.097,7.0124,-4.0913,-3.6381,-9.3083,-8.5962,-4.1515,-3.9467,-2.4159,9.6472,-0.83962,-0.807,-2.8441,-3.6228,-1.0785,-5.3026,-7.663,0.92657,-0.90292,4.0817,7.1901,-0.7152,-7.3333,-2.7636,-6.3629,6.6691,-8.7755,-2.5749,-3.5454,0.69541,-1.2724,-3.2174,8.8401,-5.426,4.7718,8.1446,-6.0517,3.6648,-0.55592,9.3159,-9.4764,2.2024,-6.4907,4.1139,3.4968,-6.7442,-3.3577,2.2738,-9.1795,4.4496,-7.0967,0.66306,0.95318,0.39987,8.3607,-5.865,5.986,1.5575,8.6658,1.6053,1.5153,7.4226,7.165,5.7446,6.6379,7.9188,7.5554,-1.5902,-4.1841,0.3809,0.62937,5.5935,1.1322,-5.4572,-6.2008,2.8654,-4.5025,-0.36644,4.0841,0.87145,-6.4651,-10.787,4.5282,4.0571,7.5063,6.7412,1.3037,9.1466,-6.5575,-4.7665,8.3585,-0.051757,6.9641,-6.6883,0.71352,-4.4707,-1.7446,0.9384,5.2972,-4.4464,7.8747,-8.4024,4.6594,7.4784,0.7736,-9.9025,-5.5978,7.7495,-1.7971,-7.8506,3.2842,2.6608,-9.2892,0.266,4.4581,-0.070659,9.1839,7.7163,-5.8842,6.0355,-1.5771,-8.1067,-4.2929,3.0128,-7.1382,-4.3454,3.5087,-8.4255,-7.2089,-7.8249,5.3148,2.7447,9.9608,4.2498,-2.2017,-8.2933,-2.0786,5.5629,5.6281,-2.867,5.1068,1.2885,1.8867,-1.7494,-5.4537
7.4043,5.7787,-0.21968,8.674,3.4492,5.2943,-4.722,3.0714,-2.5539,-0.41605,7.1143,-8.0437,-3.1348,7.8908,-1.3739,8.8763,6.6811,2.6787,8.6237,5.8261,-0.27192,-2.4444,-9.089,0.064634,2.6791,6.2796,-0.92062,-3.0442,-7.9345,-0.5478,-6.3144,-1.7291,-7.1261,-1.4473,-5.7482,5.7973,4.0072,-6.8009,-2.1688,4.2281,1.3001,-3.1797,-1.6493,7.5883,4.7667,7.9482,-7.0598,-5.7315,5.0581,-6.7673,-1.6842,9.6449,8.2103,3.4727,-7.7058,4.2583,8.8128,2.889,-6.0274,8.1035,6.4841,8.7295,6.4784,6.0566,-7.4892,-1.3901,-5.6363,8.0692,8.0026,-5.3129,6.6707,-2.8939,-4.8725,-4.6219,-7.4521,1.4185,-2.6629,-1.3605,2.8272,-0.2072,1.9284,-7.4565,-7.3993,-0.97134,2.3984,7.0614,5.5102,3.7414,6.0411,5.9757,-6.8881,-6.6436,6.7163,-0.86147,2.1855,-9.9463,-0.89308,-2.4374,0.90625,8.4539,-8.6793,-7.2047,6.4934,-6.9202,1.6007,2.6441,7.566,2.9686,-7.5728,-1.2865,5.9749,-9.5486,1.8332,7.9555,2.1136,5.9747,4.2637,6.7672,-5.1975,-0.87471,-5.6659,1.7655,-0.62096,4.5274,4.3438,-6.1232,-3.9034,-6.525,-6.024,-3.0144,7.3835,4.4768,-4.0767,-3.2195,6.5122,5.9418,-4.4783,-9.1419,3.2852,3.4672,-6.5011,-9.728,7.1955,7.82,-1.8861,-2.7971,3.6173,10.481,-10.536,-2.0823,8.7809,5.0201,6.2937,-1.3532,-6.8307,-9.0428,2.822,3.2362,-0.40349,-3.1712,-10.718,0.81758,8.4705,9.5533,4.2826,-3.8772,7.8465,-8.8945,5.4038,8.2554,-2.2213,9.7122,2.6428,-8.2919,-1.9495,-9.0539,-9.756,-4.1577,6.1382,7.5128,-9.0055,1.0805,-4.4894,0.15565,2.8542,-5.7084,-7.4618,-4.5022,5.186,4.4139,-10.815,-5.8315,6.9702,-5.9259,-8.4994,-5.0131,-8.9704,0.24598,1.9393,-10.002
-7.2449,-0.78738,2.0853,-6.0746,3.7634,10.133,3.062,-8.7845,0.76907,-8.2311,7.7039,0.029571,-3.1112,-0.72438,1.7212,0.86183,4.4078,9.0715,2.5425,1.0872,8.8796,4.4022,-0.87385,6.4823,-6.9086,-0.74322,-1.7844,-4.3453,6.9214,-3.9269,1.5634,-7.4834,0.52706,2.1303,6.5091,6.2378,-3.0781,-6.0202,-2.229,4.1122,-9.0254,-6.4892,1.1531,2.3021,-8.9085,-0.63052,-7.717,5.9265,0.066149,-8.0254,8.7412,5.9389,1.0259,1.4369,8.5306,4.2989,5.1129,5.2738,-2.7623,-3.6289,3.0331,-6.4297,-2.1757,4.6332,-10.813,1.1932,-9.2325,-8.42,-4.7011,1.6638,7.7903,-9.9968,-9.7681,-6.0459,-10.761,-8.4581,4.0496,-9.0894,5.5507,-7.8893,-7.6464,-7.1721,-9.8085,1.9934,-4.6711,-7.1904,3.4529,-8.1625,0.012855,3.5351,8.9188,-9.3556,2.7475,1.2222,-0.74621,-1.1542,-2.9966,9.0009,-5.5909,-6.0024,5.7028,-7.5003,-5.0267,7.3459,4.5656,-1.0861,-8.9575,-2.2161,6.4491,-8.9291,-1.5124,4.7509,-3.571,-4.6531,7.1338,-7.9056,2.2715,6.8419,6.536,7.0221,1.8399,-2.3495,9.3665,-0.54009,-5.8221,-6.0265,-0.034045,1.0135,1.404,0.55538,-1.0912,3.5893,1.4799,1.9243,2.0535,-5.5938,5.2508,8.6834,9.1312,-2.8258,7.8325,4.149,-4.1089,-6.3309,8.1625,8.9365,-5.5465,-1.0327,5.0209,3.481,-5.3167,2.3544,3.5566,6.7422,-2.7226,8.0161,3.3386,-3.2935,2.548,1.4582,8.2412,-3.7693,-6.7752,10.487,-3.7908,7.7725,0.32576,-3.7959,9.8159,1.4374,8.3223,10.61,0.43337,-3.7343,0.71788,-4.6615,-4.2185,-4.2838,-4.6651,-7.5423,7.0738,-7.202,3.2464,3.2611,-2.0183,-3.0506,-7.6781,-8.7314,5.3312,6.5213,-1.2789,-3.4137,1.1309,5.6693,-0.85928,9.2336,-6.4796,-6.3225,-1.3396,-10.769
1.8535,-5.8649,2.971,-3.5519,-4.491,-5.8411,6.0922,-3.3983,4.9934,6.3361,-4.3702,-4.8101,0.76228,8.5411,-8.1601,-5.7895,-7.4114,2.3297,-2.068,-2.0591,-6.1296,-1.5757,-0.14401,7.1903,3.2184,0.34354,4.6223,-1.4742,6.0839,2.2402,-2.3326,0.057984,8.9831,-9.1998,-1.8746,-1.6795,-8.2903,2.5117,-7.8277,5.6134,0.77277,-4.8738,-6.9869,3.6085,4.8827,3.0953,6.3119,8.3684,-1.2762,7.7243,-8.0163,4.3047,8.7143,7.5921,-4.7543,-6.2392,6.7711,-6.4502,-8.9226,-6.921,4.5845,2.3633,7.7943,5.7711,-7.0992,5.774,-4.3013,-0.74664,-6.1707,-6.8453,-2.2194,-5.7527,6.986,-8.5676,-10.07,5.7938,-7.0633,1.6444,6.8734,6.7631,8.919,0.7073,4.2165,7.693,0.024323,-7.9038,-9.7592,-5.9321,7.1322,1.1912,-1.0025,-1.2456,7.6624,-9.3772,8.1515,-0.30044,-9.4448,-8.0679,-0.91105,1.4249,7.8377,-6.6763,-7.5371,-6.128,0.70172,-7.325,-5.1205,2.2239,7.8785,-2.7751,8.1196,2.3296,2.6641,-9.6687,-3.7608,6.1705,-6.4369,-7.5103,1.5267,-3.2472,-2.185,3.2206,8.6254,8.9178,7.2767,5.163,0.31446,-2.9798,4.7722,4.5153,6.3494,6.2483,-9.8689,2.0382,8.5067,1.282,-2.9245,6.9716,3.536,-8.0213,9.6123,6.0829,-10.129,-8.9186,-8.3102,4.5496,1.2141,2.8205,4.576,-9.2782,5.763,-6.3755,3.3505,-4.8592,6.6067,-0.062174,1.1934,4.1162,1.0847,8.9838,10.454,8.5421,2.5166,0.069018,-2.2356,8.7359,6.4861,-1.4452,-2.3174,-2.24,9.4782,-3.0235,-0.33018,0.29188,1.6844,3.7144,-2.7063,-2.4205,-6.3208,0.63808,7.1411,-3.8742,7.0772,7.5798,-6.473,-0.93695,3.1313,0.42857,6.441,-1.87,7.8193,3.8296,2.1764,-1.1806,-2.957,-5.3204,-3.0615,-2.9934,-2.554,-6.7429
4.1112,2.1679,-1.1937,6.0776,2.6527,-2.0286,5.3827,-9.0731,10.225,4.2914,4.4728,-9.011,4.5066,8.638,-9.5772,6.2722,-8.6185,-6.2892,-2.1347,-4.0359,1.0111,1.2945,2.4053,-0.49206,-9.5135,-2.5378,-2.3102,-3.8199,2.2649,-8.088,2.2004,8.2533,-7.8436,2.0229,-10.108,-0.25109,-7.7152,5.1853,3.3441,5.3255,-6.8618,-10.275,0.52641,8.9072,-8.6781,-8.3741,5.9161,-1.0218,-6.5184,-6.3447,-2.0798,9.8134,-2.21,-7.8496,2.9336,7.2163,1.863,3.8376,1.3998,2.3548,-6.2941,2.9307,-6.7731,-8.1833,-10.85,-8.231,-2.6758,3.9938,-7.0465,-1.5689,-2.4464,-2.6083,5.6116,-9.3401,-1.9895,-5.3353,-9.1335,-9.8789,7.5939,-6.6922,-3.6331,6.2709,7.0767,-3.7165,-6.2572,-4.6841,6.6903,-4.0154,0.6053,4.2183,9.6567,2.2334,-7.3114,3.5699,-0.3017,2.2065,-5.738,8.3192,-5.0858,-2.6571,2.2134,2.8503,0.34153,7.8625,4.0557,8.5086,3.7133,-7.9905,6.4029,-6.074,-3.0838,-8.556,4.568,1.5764,-5.2676,9.8104,4.1478,-5.8187,5.411,-7.9061,5.0244,4.1173,9.15,-7.537,-8.7396,-2.9127,6.8315,4.9815,-9.587,10.132,10.324,-4.7318,-7.9734,-5.2593,-8.8478,-0.0010821,4.4287,-2.6612,0.18131,-8.6669,2.9594,-6.8929,-1.6549,-0.65988,2.6369,2.4128,2.0333,-0.078279,4.2194,-1.3796,8.154,-2.6969,-8.4377,-1.8144,-3.8053,4.9279,-7.6182,-0.87789,0.86304,-0.68604,-6.0364,-1.4251,0.13542,-7.189,4.0842,7.6916,-0.60914,3.2953,-7.7833,2.5738,-6.2712,-5.965,0.40404,-2.9396,-8.5596,0.70583,-7.7003,-7.4802,3.9672,2.3772,10.402,5.0482,0.93405,-2.0633,-7.5934,4.7864,-6.5709,-5.0801,2.3538,8.3827,1.6836,-6.2689,6.4561,-9.7617,3.3999,-10.026,5.4058,-6.8111,-5.6922,-1.3258
-3.8342,-2.9719,-3.2389,4.9635,-6.7498,0.23836,-5.1032,3.0206,-4.7184,-3.5195,8.6591,-7.7609,5.7081,2.1255,-7.5759,-3.2047,5.6633,-0.71971,-2.9817,-3.2584,-6.849,0.60492,-8.3637,4.9997,-1.5277,-9.5369,2.1531,-7.5623,0.62484,3.2916,-9.3153,7.9168,6.0547,3.7052,-10.339,3.7957,0.77332,-8.9898,2.0248,10.24,0.63348,-7.4965,5.3655,-1.3289,5.6198,-5.2383,-6.3404,3.9914,5.2989,-4.8632,-1.5132,-1.3707,2.615,0.47028,5.2375,7.6273,-7.3505,4.6362,-0.095455,-3.1277,-8.4609,4.4628,7.8951,1.4377,-5.8939,4.1763,-6.2678,9.8525,5.8423,8.2907,1.6566,7.6329,-0.76577,-7.5744,-8.768,-2.4623,-2.1591,-5.2525,-9.1801,8.323,1.4691,10.219,-3.0853,-9.1629,-6.136,-8.1401,6.5072,-3.0715,-5.1177,5.6648,10.694,5.0432,3.9644,-4.0643,-3.53,-3.3928,9.0488,3.1621,-2.0744,-6.0011,3.4313,7.7403,-3.9065,5.9077,7.9153,10.524,1.5269,-10.872,-3.2045,-3.4358,-7.6824,6.898,5.8338,-9.7773,-2.9673,-3.8078,-7.336,-1.8911,9.9525,-5.3276,2.2655,7.3616,1.1883,-5.1702,-2.6533,-6.1848,-9.3417,-4.1099,4.0493,-8.6466,-8.759,-0.84323,-2.4529,-3.2217,-9.3798,-6.5,-5.9314,6.3489,0.4515,8.5607,3.3671,6.7502,8.945,5.7958,3.1527,-3.27,6.0135,-8.0339,-5.4157,4.8794,-3.031,-9.418,-1.5584,-8.3677,6.0508,-8.9827,-7.4495,-1.9866,8.7993,-10.025,-4.4261,-7.767,6.4924,4.1163,-1.4705,4.0127,5.7699,5.8541,4.8235,-0.23202,6.2474,4.8671,-8.0345,5.71,2.3397,0.87299,-7.6015,-3.5884,-0.10306,-1.5768,7.2245,-4.8596,-8.0101,-8.1659,8.2308,3.5305,-9.5456,5.7445,6.719,-3.6375,-3.3982,-8.7328,4.9338,-6.2515,-0.43745,-4.5877,-0.85922,0.21367,-7.8707,-8.1998
5.9308,-3.105,-0.82499,-3.8011,-8.2538,3.0744,-10.053,7.1744,-5.3128,2.9516,5.464,-1.0629,1.1659,4.842,-3.4334,7.1249,7.2838,0.58929,-5.4389,6.369,-8.6902,9.2243,5.0222,3.4148,4.6728,-10.929,8.7643,6.0589,6.4194,3.8452,4.4922,7.567,3.9541,1.2944,5.749,-3.0812,9.5738,-0.45259,-9.1694,9.9013,5.2388,8.7547,-4.121,-6.0894,8.5636,-8.8414,-3.3512,2.9651,-5.5741,-7.8718,8.2156,-1.5064,-3.9979,-6.4412,4.5836,7.3947,8.4981,-1.2232,4.2213,-8.9102,-10.549,-5.5795,0.68583,-1.7564,-7.6521,-1.9333,1.6851,-1.0574,4.9816,8.6758,5.4345,-7.432,3.5101,-8.3181,2.0644,4.5872,5.4441,5.8077,-1.2512,2.2947,1.8093,0.67446,1.4853,-5.8566,-2.9211,-3.5337,-7.7188,9.0212,2.18,-7.4743,7.7934,5.9919,-3.3745,-4.0429,9.3396,8.6048,-6.5486,8.8071,-3.0738,4.0306,3.3666,0.23692,-2.1368,-1.9757,-1.0178,-4.0402,-5.2363,1.9395,-7.237,-7.3014,-7.1914,7.2045,0.95098,4.3956,8.3649,-6.3192,3.9009,-5.8627,1.8832,8.8058,-2.8751,3.5255,3.9332,-9.8531,6.5448,2.2098,1.9563,-3.8359,-1.8402,2.6969,-4.9016,7.1786,0.9273,-3.1786,-6.2623,-0.69486,-1.3716,0.40671,0.31419,4.5144,2.6436,-0.94304,-1.9165,-6.6576,-0.63989,-6.0769,-9.3782,-9.8423,7.1813,-5.5762,3.3293,6.098,-9.8495,5.9563,4.7926,-10.206,8.7352,2.1587,-1.2007,3.2797,-6.233,0.54994,1.2878,-3.1232,2.3525,3.9974,-5.1415,8.2377,5.1219,-9.7056,10.099,-1.7668,-10.817,1.8379,0.34586,-7.3491,-0.33625,1.3061,-0.74098,3.0457,-2.72,-4.1161,5.315,-5.6473,6.057,3.5066,-3.6819,-3.0411,-7.02,7.1834,-9.0188,0.75803,3.8151,-6.3404,9.7543,1.0898,1.9166,-7.9419,-10.381,1.0383
3.7051,3.3774,2.2497,0.92806,-10.628,9.9795,-8.5412,-7.6012,6.7132,8.2115,6.5085,7.3623,-0.21339,-8.0756,-3.4942,-7.6151,1.46,6.9002,-3.0824,-8.579,-6.6131,7.9466,-5.7131,9.5676,-0.32188,8.7577,2.3524,2.5134,-3.4801,0.048996,5.0958,-6.6451,-8.2958,6.3917,-2.6937,5.1326,-1.2176,2.5374,-5.437,-8.9582,-4.9746,-1.3364,-2.6378,-9.0277,-2.4236,-0.83358,-8.6249,-6.1198,-0.87859,6.8785,10.387,-3.4128,-0.71498,8.5169,3.8978,-0.44096,-8.722,-9.879,6.6455,-1.2933,-10.04,-3.1179,6.1192,-4.7561,8.4894,0.66965,-1.6174,9.028,-5.5632,-1.4369,-4.1368,3.5357,7.4719,2.2695,4.4384,-6.7029,-7.5082,-3.4654,-10.081,-9.2873,0.93955,2.5426,5.7742,-7.1963,-8.4448,-6.4191,-1.7547,4.2308,-8.4523,-0.86369,1.6638,6.2484,-6.1568,-0.89234,-3.4388,-1.8221,-3.196,0.85436,-7.1833,1.5895,-4.593,-2.1053,-4.2943,1.5466,-4.2353,-4.6403,3.9776,-1.5091,2.0012,-6.79,-6.8733,-5.0526,-8.0035,-2.0569,1.4488,1.253,8.0788,0.3331,-0.73647,4.5397,5.7386,8.5597,-4.4907,-1.1372,-4.4277,-0.69706,4.1016,6.2438,-3.907,2.3557,7.6141,3.5361,-2.9666,-5.9866,2.8432,4.4869,-6.1952,-7.9466,-4.2798,-8.6665,5.273,8.2257,1.36,1.5706,5.5798,7.8598,4.2901,-5.0566,-6.2083,6.3194,0.98577,-1.7064,-9.7384,10.149,-6.5769,-1.8928,0.38699,-1.5573,6.4104,-6.0637,-4.1396,-5.4227,-7.2287,-0.9147,-2.1436,-3.8014,4.5103,7.7646,7.3838,3.4192,6.4184,-2.12,-0.22026,6.7594,1.3346,-5.2158,-2.3812,-1.9572,2.0992,-3.6294,5.4949,7.03,-6.1899,-8.5482,-6.6342,-0.78016,1.8565,6.9086,-4.1879,-7.5932,-2.0006,-7.0993,-5.2436,1.1916,-5.6178,-6.3329,5.9135,7.4015,-9.0684,-5.5163
0.59436,10.009,8.6174,6.0616,-2.3357,-4.91,-0.57145,-2.7172,7.4087,5.1505,7.6762,3.105,-0.35568,6.3804,-5.1768,-2.5578,-1.9374,-5.4562,-5.1562,0.76588,-6.9091,-9.2742,5.4506,-4.5945,-4.5104,-6.0189,6.0417,-6.7998,-4.2129,-5.872,-8.5908,1.2417,-6.4128,0.77438,0.77803,-5.6824,-1.5397,-3.0992,-3.4262,-3.9161,-6.5534,0.35465,-7.2054,-7.6851,-2.6602,1.755,4.5678,3.4709,-0.54565,-2.0242,-7.3366,2.026,-2.5755,9.1239,1.9173,8.7163,-7.6726,-7.3843,8.7067,-6.4337,-10.688,6.1702,-8.7977,-2.8743,5.7689,6.23,3.9656,-0.19275,-0.10346,-2.7881,-0.31891,-3.6572,3.1556,8.1745,-1.9126,-0.071889,-9.4108,-1.4222,-1.2819,3.2962,9.4794,1.7412,-8.8489,1.7817,6.8622,-3.8395,-7.3727,7.4248,-3.9663,-6.5582,5.0121,2.1548,2.5454,-2.7639,1.1562,-7.8727,6.9673,6.2315,-6.6967,3.2131,6.5322,1.3966,-4.0931,4.9377,4.7353,-8.0847,-8.2034,0.31098,-4.0863,-0.80469,-2.2408,-1.5897,-8.2822,6.6632,3.3627,-1.8215,-1.6553,0.096065,0.89953,5.108,8.3116,2.5262,-10.254,3.9386,6.0446,3.0853,2.2169,10.053,2.6052,9.2081,-1.2399,5.359,0.50939,-6.6928,-5.6258,-0.70305,6.2036,-3.4994,-2.6893,8.6071,-1.5041,10.161,-6.5229,3.8002,-1.8972,0.0020214,-0.41883,4.6939,-6.606,1.365,1.8722,-4.3387,8.583,10.203,-9.9589,6.8896,-8.3485,1.791,-6.1951,5.7286,2.3337,-3.6591,-3.4662,1.6444,-6.4347,-0.57093,-5.9794,-2.6894,7.0905,6.6586,10.15,4.941,-9.3896,5.9992,-5.6107,3.3084,2.0817,4.4903,0.44071,-9.699,-8.3658,-2.0329,-2.4597,7.2102,-4.5015,5.6535,-5.1625,4.0957,-4.3321,-6.4603,-10.172,-5.6856,6.9293,2.4983,-5.9252,-10.762,-2.654,-0.11422,6.1611,6.7063
-2.0498,7.3597,2.3483,-3.8297,-1.7181,-6.2513,4.8626,5.0159,6.2786,-8.456,3.6559,2.2909,-10.046,7.002,-5.5042,-9.2768,2.9045,1.6623,-10.516,7.2793,1.7871,-2.3025,5.4755,6.9175,4.4038,0.67254,0.11751,-4.4394,-5.6907,-6.0979,-10.868,6.7881,-10.136,-4.2138,9.0137,1.0612,7.7428,-8.1033,-0.74903,8.5784,1.8724,-4.2815,-4.0397,-3.2831,3.1638,1.3087,6.4702,-3.1743,-0.096797,4.7998,-5.1758,-2.5966,7.5158,2.3111,6.2722,4.3172,-7.6082,7.4071,-2.1792,-7.7154,5.134,-3.6518,8.1039,-3.9798,-6.4946,8.8591,4.4069,1.9744,-0.49393,7.906,-8.8331,-10.337,-1.1466,1.0752,-1.3004,-2.7396,-3.6432,7.0713,2.1658,-4.7033,4.0976,7.4563,2.958,2.127,-2.0502,3.4958,6.2959,0.97825,2.4513,1.032,3.6035,-4.0358,-7.1293,8.553,7.5399,-7.4241,-8.1255,-2.4763,-10.29,1.1756,-5.1155,-6.3506,-5.1933,6.8631,7.8633,4.2916,-9.5527,6.2406,5.2285,-6.0741,6.2282,0.55302,6.5229,8.7239,-2.6875,7.1562,8.9258,-8.2749,5.4307,-5.0881,-4.7496,8.9566,-9.521,8.0606,6.5707,8.6156,3.9727,-4.9859,5.4772,-0.4052,6.6499,7.2008,3.4863,0.24107,4.9823,9.2242,-8.0992,5.4412,0.44809,0.35389,6.5132,-0.0478,2.6766,9.2292,0.53353,-0.88748,1.8331,-5.0175,-9.0673,-3.6179,-8.1041,-1.1061,2.7926,4.0613,6.1276,5.8372,-3.299,-7.6112,-7.5297,-6.6322,5.5178,5.1151,5.5524,4.5429,8.6295,-1.2753,-8.2369,2.0441,5.0345,-6.6464,3.6048,-7.7461,8.1577,8.0019,-0.22322,-6.1352,1.7979,-8.4962,-7.3767,-8.9994,0.058114,-8.2331,2.3218,-7.6061,4.5499,-6.7142,-6.8104,-6.8454,-1.841,-0.020804,-0.50135,2.3263,1.4632,0.5848,3.7594,-11.117,-6.517,2.8141,9.6701,-9.3656
0.21648,-4.2816,-3.1192,8.9737,-3.5059,-3.5575,-1.1934,-4.0565,9.3495,-10.268,-6.9395,6.7442,7.5731,5.9736,6.2578,-7.0108,-9.7544,0.74247,0.53703,-8.2833,-7.1431,8.0835,7.2428,4.1012,1.0962,6.1537,-9.0233,-8.9186,3.0936,-0.93317,1.5663,2.5625,-0.72744,-7.3037,-5.2496,-4.8838,3.2555,-10.087,2.5918,-6.1365,1.4514,5.5518,-6.1051,5.656,3.31,-3.2255,3.5572,-2.9019,-5.2016,8.5292,0.23013,-9.7419,-7.8645,5.399,-8.5563,-4.9019,-10.255,-1.1128,1.0181,-0.77631,6.8816,2.0025,-8.3919,4.6312,4.7156,10.104,3.9829,2.0266,6.0776,4.9004,-5.4811,-9.9425,-4.2448,-7.161,0.94306,-0.072392,-8.3578,-3.4482,8.2222,-7.2277,8.9069,0.36254,-7.7814,-5.7375,0.64468,-1.8163,-8.0699,4.9283,2.8836,0.1269,4.943,-9.3378,4.4975,-4.0036,1.3789,3.6966,-8.1132,-9.4747,-2.1975,-7.4373,6.1324,1.7813,-7.6468,-3.8818,3.9505,-0.85893,-4.8536,-3.5006,-5.3648,-7.7156,-9.4142,-5.3623,8.4616,-5.756,0.8815,3.4986,-5.4294,1.8694,-9.435,1.7211,1.8751,-2.4351,5.8284,8.6495,3.0635,9.0953,5.8701,6.5968,10.024,5.939,-3.2618,1.6853,8.2028,1.0285,-8.8336,-0.11807,4.143,-1.5908,-3.8596,-5.4606,3.9345,-2.1594,2.7844,9.832,2.4204,-4.8028,8.6606,-0.52798,-9.2703,7.1417,5.5165,-0.78879,-8.5485,9.7132,5.7937,-1.4172,-7.374,3.6541,3.051,-0.71702,-8.0786,0.064139,1.0735,1.0997,6.3618,-3.2555,6.8972,6.6747,-0.50309,-5.2772,-0.38677,-7.4814,-8.4109,-2.6715,-6.4681,-7.9545,-4.6439,-0.40548,2.4012,5.6626,-7.155,-4.1288,-5.372,-2.4433,2.3218,7.0471,6.7881,-6.1335,6.2428,-3.3226,4.6658,-8.8114,9.068,-2.4879,3.674,-6.1073,3.8427,0.40289,-2.0147,-7.6945
-2.8631,-1.7445,3.8129,-1.3957,5.3639,6.2369,-2.5601,-5.4674,6.1418,7.033,8.7373,-4.6119,-0.249,5.9199,5.565,-10.277,3.9402,-6.7186,0.84972,-3.3761,-7.5463,4.2793,-1.1262,9.6273,-9.7766,-5.6669,-9.138,-8.9212,-4.0645,0.27875,9.0027,-1.5113,8.1949,-1.6072,-4.023,5.4242,5.0015,-9.1021,3.141,-9.8783,0.1205,5.3087,7.497,10.385,-3.1365,-0.58482,-7.9087,6.9354,-8.9343,3.9805,-4.6703,0.22184,-6.9834,6.0134,3.3415,-1.7541,4.9737,7.7278,-7.9619,2.5054,8.0104,3.3755,6.7483,-7.7575,0.92504,9.3867,-5.321,2.8019,5.4553,8.0403,-8.0521,-4.2541,9.3747,0.44294,-4.5717,2.9238,-7.6706,-8.9964,-1.4778,-7.8643,-2.1107,5.4319,6.7494,3.8792,5.7435,-8.2308,-10.643,5.767,8.82,-6.0004,-7.4685,-1.7744,-5.945,0.21883,3.8133,-3.4993,-0.30893,-3.9501,-3.9806,4.6903,-3.0027,-1.1269,-0.10878,-7.9922,3.1154,9.7519,-7.8473,6.0479,-3.1262,4.5765,8.3758,6.1189,1.5957,-3.0945,1.2506,1.5353,-4.0743,-8.0214,-4.3598,4.3538,-8.5646,-1.6992,7.0646,-2.7642,-7.1461,-3.4207,6.3651,2.059,3.6553,9.5202,1.277,-2.8497,-0.038712,-6.4112,8.3668,7.3676,5.9324,-1.2952,0.97337,-3.349,-2.7408,-9.2959,-5.7205,9.1047,3.1761,-8.1216,-5.8329,6.087,-4.7406,0.60118,3.9798,-7.3557,-2.0416,-9.1784,7.5849,-2.6626,0.26769,1.948,-0.92433,5.0966,8.6274,-5.9171,0.69297,-0.35259,-0.47508,-1.1343,1.4207,5.5951,4.4384,-10.205,-9.3704,-7.2431,8.7037,4.448,-6.1939,4.8285,-2.7633,9.5223,-7.3165,4.5439,8.5217,-3.3459,-0.88784,-2.7,7.4386,-2.1664,-7.2182,8.894,4.9094,1.3679,3.6498,7.9734,5.2552,2.8978,-6.9023,-2.9266,-9.3674,-8.9031,-9.3309,-7.4062
-8.268,4.0459,2.7807,-0.56617,-2.6292,-8.4348,4.2935,2.7235,-1.5942,-8.2639,7.9922,-4.9543,5.0959,8.9893,-9.3922,-2.3385,3.6083,2.5877,4.7665,-4.5018,-1.8986,7.001,1.8595,-3.613,-1.7251,1.2144,6.1892,2.6272,-10.202,6.8046,-7.6737,9.5825,-6.5017,-5.8108,-8.1622,4.4052,-3.9774,8.6479,-0.66479,-10.488,5.467,-1.4604,-1.3692,10.727,-4.9789,1.436,-1.6648,-8.6731,3.8491,-0.94255,7.5545,-2.4422,3.0486,10.285,2.5432,1.3326,2.0808,-8.6875,4.1648,3.798,-6.7931,-4.911,-6.4384,-10.321,-3.5569,8.1618,8.9969,1.8482,3.3162,-7.4667,-5.6288,8.8117,-2.6708,-3.0971,5.2964,3.8478,-7.7471,-7.8485,2.1522,-9.3925,-6.1912,-4.242,6.9468,-8.5196,8.8862,-2.8047,-2.1003,6.6607,-2.6101,-10.237,-7.7058,7.4861,-9.8181,-5.4012,0.20967,-0.35435,-9.5746,-8.4699,-8.609,0.61909,7.554,8.0568,8.4103,0.68357,0.56992,2.8946,-3.1316,-0.54547,-8.579,-8.2378,6.4877,-9.5614,-3.9261,8.5473,-6.5307,-8.8106,5.172,-5.5355,-7.192,-2.6787,-4.921,9.1102,6.292,3.3275,7.9322,8.0993,3.9877,0.84827,-8.1955,8.7053,-3.9806,-2.6235,7.1021,4.4564,9.12,-6.2161,-0.029476,-3.1186,-3.8089,1.9582,1.1778,-9.9796,6.8669,-3.3978,7.8091,-2.083,-5.1699,4.556,-5.8198,5.9239,-6.2198,-1.9422,-7.9875,5.0888,-6.9408,-5.382,-8.154,-9.8224,-9.4249,2.7434,2.435,-1.7661,4.5373,-9.1984,9.2022,-6.9758,5.5215,-9.1425,6.3225,-9.2572,-2.405,-10.783,3.9645,-0.049764,-3.1865,9.3245,-2.5771,2.3727,6.6894,-3.4815,1.7286,2.7709,-8.7167,3.8971,-0.75222,6.8664,-8.2239,-0.59815,0.72753,9.3711,3.305,-1.9804,7.2324,-6.89,-5.8662,5.9564,-3.2112,-0.95843,-0.27048,5.0871
-0.098399,5.236,8.1034,-2.3997,-3.3186,-4.7778,-0.1578,-3.0939,3.1187,-0.50678,-2.5253,0.22947,-4.3876,-8.2433,6.8869,-9.9109,-3.286,8.8455,-6.6626,8.1502,-9.2294,6.1716,-1.0176,2.7296,4.8036,6.5881,0.46934,5.1915,-5.5958,-8.4986,-7.4938,-3.2036,4.4882,-0.15844,-0.75927,8.0632,4.718,4.6005,-3.8754,2.2539,3.9153,7.9904,-8.477,-8.2645,-7.4157,9.8979,-1.3133,-8.7156,1.2211,-1.9628,1.7818,1.1654,7.3511,-4.7194,0.55857,2.5295,-9.199,-10.704,-8.7252,3.5217,-8.0318,8.2117,-3.5394,0.60332,4.6018,-5.7108,-7.2418,7.2258,0.78081,-2.8843,-3.3281,7.1718,3.0927,0.28719,-0.58313,8.6863,8.2604,-2.2781,2.0592,-2.568,5.3503,0.81289,5.9954,0.46267,10.479,-2.8518,7.6337,6.7618,-2.8749,-3.3665,1.6197,-3.72,-3.8174,0.599,3.9771,-8.3758,-3.5534,-6.6636,1.8741,-9.197,-0.92168,2.4519,1.3998,4.5696,-5.9233,-5.5513,4.5252,0.30421,4.5485,-3.1268,-5.7024,-7.2277,6.366,4.4413,-2.5165,-9.3574,7.2902,-4.2349,1.0251,0.94457,6.9646,3.2188,-7.6341,5.3017,-7.8124,4.695,-6.5561,5.3587,-5.6126,6.3973,-2.4481,-8.8683,-7.3231,-5.2129,0.19913,-7.7171,-8.5572,1.2689,-2.5389,0.33482,3.4708,-9.7911,0.56187,-6.6035,0.37253,-3.6774,2.3146,-8.1015,5.385,-4.257,2.6234,-6.3428,-1.804,-4.2975,-8.0319,-2.6176,-4.0598,-10.174,-2.4096,9.611,-2.0614,-8.7899,9.7802,1.6732,-8.3578,6.7378,0.47525,-7.0004,3.2972,-8.7542,8.3694,4.8139,10.055,3.3283,0.62424,4.9073,-8.0618,-4.6727,-2.4058,7.2527,-2.3814,-2.5307,5.0232,-6.8028,3.5327,1.4439,-1.6566,5.3791,7.3532,-7.4784,5.7932,-5.9408,2.3215,8.0297,6.8898,-4.6922,9.0817,6.4291,7.239,0.77816
1.8932,7.8685,-2.4977,5.9284,5.52,8.3094,-9.0286,-3.749,-9.809,7.5541,7.4709,-3.8718,3.8458,-9.7201,0.8536,1.6145,2.3115,0.7783,0.76022,-4.131,0.86637,-1.3335,-0.72567,5.8428,8.3345,-4.0297,-8.342,-3.6414,-0.85529,-7.6389,-3.7133,-8.5085,1.492,2.9583,8.326,-7.0172,-6.242,-5.3727,3.7053,-2.5467,7.0584,5.1293,6.0561,-7.5706,6.1329,10.432,0.53317,-1.9231,2.258,-2.8748,0.54337,8.0927,1.2868,-8.9591,8.2974,-3.1177,8.344,0.59761,-0.1517,7.0196,-1.3226,10.373,2.5961,-8.8782,-1.9651,5.7755,-1.7229,-4.4033,-6.4074,-2.1106,3.4719,-6.2555,5.1139,-3.5348,8.6126,4.1558,6.3015,-3.9173,-7.1579,-10.123,8.7111,-1.6059,-8.0358,-2.0792,2.7459,-2.7274,-2.1101,4.2767,-2.3456,0.94293,8.1266,4.598,-0.93702,1.8906,-3.18,-3.3342,0.063651,-5.251,5.2332,-7.6617,-1.508,-0.61452,-1.2949,4.5627,5.6984,-1.2113,2.7072,-4.6618,3.0324,1.5156,-3.9807,0.16652,-1.6173,-6.782,-8.7919,-5.3267,-6.2671,-3.4064,8.2755,-7.5475,7.8421,4.692,1.6936,-3.3971,-6.879,-2.6845,-2.144,-6.9647,-2.1419,7.3395,-0.19647,-2.592,-10.67,3.046,-9.6116,-4.5132,-2.276,1.9314,-2.7104,-4.2828,7.4395,-7.1664,5.9979,8.1256,-9.7937,-8.2204,8.3333,-10.566,-2.8138,-3.2278,3.3308,-8.1116,-2.458,-5.9727,2.1332,3.5192,-7.5987,2.0227,6.9134,9.8246,5.624,-1.0436,1.3688,-3.829,-9.9047,-9.0526,2.7592,-8.414,-5.0097,4.9923,5.3394,-7.7516,-1.7294,-6.2023,4.0025,-0.5485,-5.9787,1.7166,2.1801,-1.4174,0.37315,-6.251,6.6258,8.374,0.61226,-9.4933,-8.9284,-9.5879,-6.293,-3.568,-0.43073,-0.8022,6.1727,-1.3275,0.66367,-3.0161,-7.4741,-0.84459,1.2129,-8.175
0.51412,9.986,-3.0704,-2.1121,-8.5275,-7.3469,-10.996,0.48945,0.3787,-3.3803,-4.4259,2.4188,-9.7758,8.7466,6.7128,-5.2863,3.8409,-5.5463,0.18171,0.84485,6.6006,-2.8593,7.9573,-1.3007,2.438,3.3251,-3.3589,-5.5929,-1.0959,-0.50473,2.3573,-8.3523,1.3138,-7.6325,1.4508,-3.777,6.4595,-6.5985,-8.1331,0.94723,8.2418,0.9963,-7.9747,-1.5324,-1.784,-0.42565,-4.97,0.81209,0.37645,2.0193,-8.0377,3.3254,1.629,-7.666,-5.9363,-1.307,-1.6595,-9.7568,-3.9744,7.2047,6.0478,3.7838,9.0111,8.5537,3.0467,-1.3039,4.5792,-8.3137,-7.3491,0.12344,3.7416,-7.4373,7.1036,-9.4544,-7.9897,9.3934,5.6299,9.0465,-6.4034,-3.9099,-2.9523,-7.068,-9.3165,-9.6239,-6.7477,-3.729,4.1936,6.0477,-8.1219,6.5636,8.11,3.2884,-1.0035,5.943,6.7501,2.6821,6.093,-4.4035,2.9564,-4.3012,7.5468,1.0015,-9.0396,-8.8317,-0.13857,0.63861,4.7961,-0.20101,1.1344,4.0248,-7.5152,5.6525,-8.9633,-3.3801,-7.1207,-5.9167,0.49232,1.0313,-5.346,-0.48944,6.1406,7.2483,2.9449,-4.6894,-7.8147,-0.047147,3.7345,-7.6344,2.3237,1.3283,-2.2688,1.6074,-9.1826,-8.0337,-10.33,9.3817,-9.63,-1.1731,1.5416,7.4725,-4.3377,1.452,3.761,2.361,-3.8655,-6.9663,-8.1165,-7.8857,-8.0809,-3.3335,-9.4296,1.9719,7.0631,3.5505,-1.9349,5.7653,3.7527,8.2156,6.1702,1.4758,9.0243,-7.1271,-0.60376,3.7572,-1.1798,-9.9504,-7.8443,-6.4567,4.0699,-2.5408,-9.408,0.20326,-8.1076,0.66189,-2.7643,-1.6315,-6.3961,-9.1022,-3.9895,-2.7769,6.1468,-4.8959,1.2411,5.2086,4.5368,5.383,-4.1506,3.0337,-5.4166,-6.586,4.5733,-3.0235,-1.6835,-0.6517,-6.933,-0.31706,-5.7925,-0.29095,5.7674,-9.9051
5.9446,3.0145,4.33,9.3407,-4.4435,6.9436,6.2689,7.9165,1.8507,3.4312,-10.53,-7.6791,0.45471,-2.0055,5.5453,-7.7824,-0.40644,1.4413,-0.37087,5.4461,7.7046,4.1042,-2.6601,-2.73,5.9443,2.206,-4.3749,2.3812,-0.40361,2.1602,8.8861,-10.58,3.2828,4.0277,9.8108,-5.0679,1.5571,-4.7953,1.7037,1.2569,-4.433,9.806,-0.42757,4.8436,-3.5498,2.2115,-7.7637,-3.3695,-8.5001,9.8649,-6.9768,6.5552,-9.8942,-9.0272,-0.31745,-1.5574,-0.55893,-5.4055,-4.6328,-6.9168,3.7493,5.6954,2.4351,10.155,7.3614,-2.6511,-2.4049,8.817,1.5562,-7.1444,3.0952,5.6942,-6.3257,8.1927,3.9523,-9.1148,0.94718,-3.8995,5.5043,-1.665,-5.6254,-5.9902,-5.4015,-0.39639,-3.465,0.83966,2.3633,3.7001,-7.498,8.0235,-8.7547,6.9152,6.6874,-5.5407,-7.0783,3.5126,-1.1809,-6.3238,0.80461,-5.9544,5.9123,6.5931,8.8981,-9.3088,0.59106,-4.2477,-0.20549,-8.302,-5.2867,1.4672,1.6596,-2.2216,-1.7201,-1.2975,-3.4383,1.7367,8.9979,-2.9902,0.03646,5.4,-4.1139,5.6954,-3.0709,1.9049,-10.46,2.9354,4.7922,-5.0476,8.4699,9.0068,8.2979,9.9544,-2.4587,0.14959,-2.6219,1.8818,-10.178,-1.2086,5.2543,10.067,-0.78821,-9.5593,-1.6505,1.8991,-0.44303,-6.5786,1.5284,4.4136,-6.8487,-3.1118,-5.5716,6.4066,2.02,5.5138,-4.3186,8.6257,8.2855,5.1796,-3.025,-8.7942,-8.1216,5.7804,6.7283,-7.3261,0.54935,-8.2075,-5.8531,-1.4168,-5.4455,2.1538,7.1953,7.0954,5.4395,-3.6584,6.9819,8.2879,1.9102,-4.8468,-4.3216,3.8959,1.2005,5.721,-6.4109,-1.0435,-6.3967,-5.6951,3.3632,-4.7311,-1.5637,2.4942,-4.0356,6.3326,6.7101,-2.6354,-10.733,-6.2141,-0.40292,9.7383,4.4642,-3.6941
3.0702,-2.4683,3.8147,10.474,-2.137,7.0873,-3.4241,-0.45442,-7.6965,9.4231,-7.4259,-10.549,-7.4681,-4.4993,-4.982,-9.446,1.7399,-1.8983,0.75209,-5.6308,1.1194,7.1747,0.65587,-5.296,-7.943,6.3422,0.87466,-7.7258,7.8789,-4.1364,3.6615,-7.9271,0.82675,9.1194,-8.9035,-1.6528,-5.1333,3.9471,-3.7547,1.1004,-9.5601,0.24938,1.715,10.285,-4.5643,-8.6297,2.7334,1.9467,3.9476,-3.9265,8.34,2.8808,0.62449,1.8692,9.794,-4.883,-5.5306,-5.1801,3.2558,-5.0081,-1.2712,-3.834,-1.8204,5.6451,-1.9098,-10.365,4.8638,6.056,7.0099,-2.1931,-1.6913,10.375,7.137,6.9887,1.1335,-5.4733,-4.0331,-3.0495,-2.548,8.1669,-9.6813,2.9707,7.4277,8.2619,-4.9108,-9.6191,9.2492,-4.192,-7.4605,1.3658,3.9675,7.1199,-7.2726,-0.71975,7.0075,-7.8853,-6.1755,1.6407,-1.2578,-6.5415,6.2106,4.1452,-5.5286,3.3236,-3.5494,-9.2318,5.3849,-3.1136,5.9148,-8.0179,-1.8403,0.21159,-7.4386,-5.4144,2.6079,-4.1872,-4.5337,5.8246,7.2069,-4.7205,0.27774,-2.945,7.3668,1.0288,-6.7863,-1.8337,7.8015,9.3217,-4.0783,-4.6912,8.1135,-7.6979,-1.1937,-8.0802,-4.633,0.93723,-2.809,-8.3868,-2.8075,9.4404,5.7867,-1.0852,5.4577,-6.3103,3.1418,-1.2284,0.62923,0.098932,-7.7244,8.288,-3.7971,8.0077,-7.4035,3.1089,0.44281,-6.457,-5.3692,6.4847,-4.2303,8.5717,-2.414,7.5749,3.834,-2.5229,-10.008,1.897,2.6099,0.071355,-1.7076,-4.1945,4.6431,-3.6062,-3.8941,8.2314,1.9579,2.3334,3.8889,6.112,-7.2295,-0.27556,-2.1959,-0.42211,6.14,-9.0472,-4.5901,9.0193,-1.4906,4.6977,-0.29584,2.2787,-0.84734,8.1625,9.0845,9.5511,-6.9815,-6.947,-8.2062,-4.0087,-1.6576,-3.9218
5.4807,5.437,-6.0123,8.9296,9.4673,8.5353,6.5037,0.7991,2.1709,6.6953,-9.2278,-3.9916,-2.9176,-9.5848,6.5513,6.0673,-1.1066,4.1219,2.12,6.5973,-9.2149,-5.2011,8.5835,-6.8201,-5.8717,2.3715,2.7317,4.0608,0.72461,-0.69904,0.99301,-8.4193,6.2807,-2.5671,7.6977,8.9373,1.0292,8.8113,-1.5098,-8.5912,-4.6723,-4.826,5.8821,4.631,-3.0936,3.4644,0.8455,0.82708,-4.9059,-6.5839,4.4626,-9.0249,1.4407,9.8801,-6.7351,-4.1897,-5.8564,-5.7238,-1.9743,-0.30573,2.4972,-4.1407,-4.7234,-6.704,-8.5312,-3.3831,-5.3866,8.9126,-4.6906,-3.655,-2.9668,-0.22645,-8.3032,-4.7388,3.3837,7.383,1.6232,1.1046,-6.7573,1.3059,-9.9236,-2.7266,1.897,4.4725,7.8045,-0.82667,3.4976,6.7171,-2.3992,2.1375,-3.2892,-2.1329,-5.3673,-7.8978,-7.5447,-10.894,-5.081,7.809,-6.4609,-3.7324,-3.1986,-5.2318,-3.395,-8.8804,7.3904,-2.5919,-2.2172,0.59945,-5.8084,1.2425,5.2915,-0.092022,4.3753,-9.1599,1.7215,9.0908,-8.501,-2.7184,10.486,-0.14412,-4.3671,6.0358,7.5778,-6.0296,0.16923,-4.8921,5.6211,-6.8089,7.6609,-8.9339,1.8694,-10.478,4.1374,-10.13,4.4016,-8.3417,-8.1995,-5.8501,-5.79,1.1246,1.1109,-3.2086,-0.95335,-4.3225,0.93679,1.1502,-7.3844,-9.1857,3.3254,9.5534,8.0141,0.51003,7.646,8.5351,6.1714,6.0148,-2.049,-9.162,3.4416,4.075,-3.2164,1.3875,7.0508,-2.5236,-2.2804,-5.7278,-9.7202,1.8837,-6.2676,6.1761,1.8254,8.9286,0.73588,-3.4589,2.9663,7.6414,1.5605,-5.4888,0.64368,1.0913,-2.6698,-5.1413,-5.9865,-6.8088,2.8087,1.7605,-0.66185,-2.742,-9.8959,1.976,-2.1599,-7.566,7.0555,-2.2895,-5.3596,4.8828,0.29022,-5.7532,1.263,5.827
-4.2054,0.076731,-5.7847,8.9715,1.985,2.9678,10.363,-3.4986,-9.0874,9.5055,4.105,-0.13001,3.7093,7.5494,2.4923,8.2193,-6.0514,9.6449,-9.1672,-8.2538,-4.7666,-1.6165,5.5659,6.6543,-1.1273,0.29613,8.6835,-6.0482,2.648,1.3684,-1.5029,-6.5537,-0.51445,-0.92067,-2.6867,-5.6887,-5.4147,-7.2389,2.8339,6.8111,-5.9677,-6.2858,-2.4951,-6.3099,-10.076,4.5151,6.8691,0.46179,-8.4959,8.3409,9.7672,-2.7541,2.6445,-1.2691,8.411,-7.4055,1.0466,-4.0972,2.4923,7.6803,9.5878,6.1911,-4.7613,-2.9185,6.1993,2.2924,-2.884,8.783,0.74644,-8.7263,5.4239,-4.082,4.7381,-8.9395,0.021534,3.827,-7.2971,0.32063,4.4179,9.6198,8.1558,-7.3923,-5.5477,-1.8061,-5.0176,-2.2344,2.7436,10.281,9.0304,8.3524,7.3735,-10.006,-3.2754,3.3347,-5.6149,-8.8121,3.3933,2.7274,-6.1221,-6.4823,-2.9807,-0.18441,-3.7489,3.6877,-1.6517,-0.82878,-9.9835,-8.2092,-0.60702,-3.5841,-8.3548,4.2019,6.0354,-4.1713,-8.8889,-0.91908,-7.3066,5.5178,-7.3299,8.2917,4.6379,6.4737,-5.2722,-2.7028,2.311,-1.8984,-1.3043,-5.1707,-8.0947,3.9686,0.73228,-1.0145,8.9594,4.418,7.0634,-0.67807,6.9878,0.67767,2.4966,9.931,9.4942,6.1239,-6.7968,-0.42962,-3.7248,5.2554,0.9369,-3.2826,4.069,-4.8905,7.4747,7.3345,7.9719,-8.2564,-8.5877,4.9856,6.7719,2.9163,4.3924,4.1393,6.5923,-7.6251,-2.4451,3.2407,8.1415,3.6807,1.6214,1.5406,-0.70078,-5.3216,7.7592,-6.3924,6.1336,-7.2882,-9.4914,-0.77687,-1.6486,-10.139,4.7746,6.975,-6.1075,-2.049,-8.6937,-5.3379,7.3832,2.7154,4.5565,-0.40158,-7.9688,0.18615,3.3268,4.0373,-7.748,-10.082,6.0615,-4.9863,-3.0455,5.9979,6.826,0.33625
-5.2307,2.8887,-6.9485,6.0248,6.1968,4.4673,-5.9087,-10.042,2.4624,9.9885,10.072,-9.6972,-3.5117,1.6148,4.2673,-5.1774,8.8464,-5.3176,2.3554,-5.9914,-7.8704,-10.22,0.31551,10.445,-2.351,9.4246,3.0719,2.2018,10.011,-9.4957,2.5506,2.7789,-4.5118,3.3777,1.5003,-7.3556,-5.863,7.3087,5.3979,-5.5617,-10.155,-7.3883,4.7058,-6.7302,-1.0652,-5.4877,-4.7036,-4.7766,-10.669,-7.4877,-3.9493,1.1927,4.1451,3.5787,7.3222,-7.5904,9.2169,-0.79579,-4.2305,2.8519,9.7335,1.524,6.5712,-1.5015,-7.7922,-5.6939,8.5294,4.7131,9.3271,-4.4941,-6.345,-1.9581,-2.289,-5.3678,-9.958,-4.1584,-0.84292,0.71372,-2.034,10.401,-1.331,-7.7133,-3.5428,8.3961,-4.3356,3.9216,-5.0584,7.8755,9.7481,2.7208,7.2309,-10.878,1.8143,4.8811,-8.478,6.5069,7.0812,4.9504,0.78252,4.8095,0.97709,3.9191,-0.48639,1.7398,8.2116,0.040334,-7.9153,3.9134,-0.65455,4.408,-7.202,-4.2644,6.0721,1.9713,-10.042,5.5234,-8.6478,0.20422,4.2087,-2.1759,7.4329,8.2641,-0.55842,-9.2622,0.71293,-0.41125,5.5528,-7.0926,4.8629,5.2278,5.3579,-2.4563,4.0203,-5.688,3.8911,-9.8139,-1.9504,-6.35,8.6711,4.7123,1.2162,7.9633,-0.65144,1.8172,0.13526,9.0488,0.47158,-4.7462,-2.68,-6.0214,-1.8983,-4.6888,-3.4768,-7.8077,-9.1722,4.8468,-1.1065,7.9329,-3.3441,9.592,8.7994,-9.8352,8.7043,9.868,2.1858,9.7262,-8.8565,-2.8532,4.1888,-10.089,3.8624,-8.1466,-4.0756,-3.4024,-0.047566,-8.155,-9.9118,-10.011,-9.5722,-0.28487,-7.4564,-2.4778,-1.1386,1.6783,-0.75788,-2.2845,-7.6481,9.1691,7.5934,-0.062257,-6.8824,-1.1712,3.7981,2.5524,-4.1698,-3.7683,4.3555,-8.9124,9.135,6.9122
6.4008,8.0428,-6.7838,-5.9645,-6.0962,-6.7283,-4.8524,0.16509,8.6496,3.2883,-6.2598,7.5446,7.6544,-7.7699,-2.2614,-3.5415,3.6941,-10.472,-2.2857,1.4815,1.2603,-9.5528,-2.0282,-2.0965,5.0522,-1.8161,-8.9808,2.2755,-2.0733,5.035,-5.9088,7.5853,-10.174,-1.0278,-7.9626,-6.6105,3.7968,2.9366,-6.2708,-5.4884,-0.34761,-9.5523,-2.2091,-3.6714,-7.7448,1.9385,2.5263,2.2979,-3.1848,5.3295,0.074666,6.3716,-4.3031,-3.1325,-9.1582,1.5782,-3.0519,-5.573,-5.122,-5.2102,5.1423,3.469,4.4163,-5.1344,1.5486,1.7441,3.243,-1.3973,-5.0676,-4.3051,-8.526,9.644,5.8524,-8.5712,-8.2414,5.091,-9.7372,3.6125,0.67627,-6.5009,8.9737,-0.28386,6.7315,-3.7309,8.5731,6.1962,-0.56046,1.3536,-4.5269,-6.5855,4.4095,6.8917,-8.0805,2.0376,-8.9833,-5.9848,-3.4275,3.8721,1.6961,-0.91531,1.2893,1.3563,3.2794,6.1616,4.8666,-5.7236,-3.281,3.2139,-7.5034,-3.7253,4.1046,-3.285,8.6276,5.9508,4.6893,-8.4664,4.5091,7.3111,4.1195,8.8609,3.6425,-2.2825,-2.5992,-0.83904,-6.706,5.6103,6.4025,-2.7514,-3.9169,5.7946,6.0769,1.0437,4.2382,1.9289,7.8281,5.6726,8.6242,-3.9749,-7.8833,-5.5734,5.2893,8.569,-9.8817,4.1153,-8.7157,4.351,0.036187,-9.349,4.7216,8.8877,6.8206,-2.3189,5.2211,8.2034,-10.035,6.0215,7.3027,-4.6759,-1.0291,-3.9888,-1.2421,-1.1718,1.5694,2.7528,5.5294,3.4807,-3.0632,8.7301,3.0446,-4.079,-6.2542,8.5994,1.8505,-6.3956,3.0946,3.5623,3.5753,7.1992,-6.4307,5.5544,-3.8913,8.2054,7.3823,-7.7458,-8.5958,-7.2321,1.0206,4.1039,7.0937,-8.7327,-0.45359,-7.9227,0.60805,4.1085,4.8374,-2.7593,-1.1405,-10.473,-3.3959,-9.0925
-9.0016,7.2139,-5.086,-7.2859,3.0631,1.5147,0.019343,-9.7264,-4.7613,0.43917,4.8572,-0.58143,5.2206,-6.0827,-0.28565,-1.3817,8.0772,1.9485,-1.195,5.2706,-7.915,-0.47298,-6.415,-7.7149,9.8584,-10.156,2.261,-7.6005,-5.1983,7.531,8.7758,-1.052,5.8271,-4.3468,-6.9517,2.7615,6.316,-4.754,4.0568,-8.7749,0.35666,0.46238,5.8676,-9.5675,-6.4126,6.1387,6.4191,-1.9969,6.3129,-2.1937,-6.4059,5.7873,9.2452,-1.3689,1.2028,5.7995,-5.0984,2.2992,6.9274,-9.3442,-5.218,3.9112,-6.8078,-10.234,-1.5532,5.8705,-7.3758,0.13767,4.5377,1.0639,6.1173,8.7972,-3.8835,7.626,-3.8547,-2.9294,-8.5754,-2.8589,9.5794,-4.3402,-4.2632,3.3876,-0.24048,7.3261,7.8964,-5.5459,-8.6367,-3.4087,8.9146,7.861,9.5383,10.446,-6.3679,-4.7314,-5.6022,2.9647,7.4655,1.4922,-8.3994,8.3455,9.2532,0.14242,-6.064,-8.7212,1.1365,-8.3023,-3.7844,5.4911,7.3684,-7.5914,10.146,1.1406,10.581,0.27159,5.6507,-5.3095,-0.54667,-5.709,-4.4431,5.8016,5.1891,9.2525,0.043198,3.3447,3.6162,-4.1969,-2.9124,-10.104,-1.4791,-7.0536,9.6521,-8.5161,0.26247,0.16355,8.1447,-0.0065594,-8.7322,-5.0351,1.5343,-0.17324,6.6881,0.31526,4.1086,-3.8241,1.5752,-4.3266,-8.4182,-10.177,0.53298,0.057744,0.38845,-7.7829,-5.7157,-7.5318,6.0238,-6.3235,0.8074,-8.9447,0.62582,1.1127,1.8903,6.743,7.0808,10.096,-2.199,-3.8401,5.9345,0.74347,0.58506,-0.20859,1.2577,-2.9227,-2.9922,-9.8285,9.7382,2.21,-5.3118,-7.218,-8.9557,-7.539,4.8893,2.9347,-4.1243,7.4944,5.1945,0.64887,3.4867,0.76514,-8.671,5.4157,9.4441,-4.6666,-2.6907,-9.2535,-0.1547,-4.2263,-7.3514,1.2528,-6.8115,3.5245
-2.2393,3.1651,8.7311,-8.4267,-5.3027,-7.8209,-4.631,4.5209,0.96354,-8.6371,9.122,-8.7468,2.931,-10.702,-5.5248,6.1723,-5.3285,-8.9109,-4.7445,-7.749,-10.777,-7.5337,7.434,-1.253,-2.4438,-9.2561,9.8925,5.5662,-2.222,-4.7809,-0.10732,-2.9458,-5.8857,-3.7299,3.011,-5.9426,-2.4478,0.63059,4.6246,-0.022884,-4.373,-7.8278,5.4867,1.0941,7.8566,6.9002,-6.0948,-9.6674,0.15676,-8.6299,8.5155,8.6775,4.3212,-5.2118,-6.6239,-2.5808,-1.0759,2.8631,0.80516,6.673,-3.9287,-8.9595,7.6226,1.2852,8.4569,2.8048,-8.4352,5.3848,-3.601,-7.7761,2.2909,3.147,-8.3928,3.1854,3.9933,4.542,-10.481,5.7384,-3.703,-6.6082,-8.896,-2.6115,0.96104,2.5444,8.4612,-5.3077,1.3648,6.2175,2.5173,5.6757,6.8159,2.7845,-4.2465,7.7242,-1.7186,6.2448,0.82824,-8.6729,6.4008,4.8633,-5.8089,-5.7074,3.4504,-3.5537,-4.1277,-5.5594,7.8701,4.7905,1.1104,-9.2811,-7.7161,-0.30021,8.1476,1.8737,7.1028,-3.5995,-6.5392,-3.1489,-2.9465,-0.13668,-4.7642,2.1805,3.0829,-7.2293,2.5576,-1.7372,8.7439,-8.1116,7.1461,-1.4163,0.041119,-10.291,1.0062,-6.5663,5.6693,9.659,2.655,5.5776,-2.3281,2.7368,6.4743,0.44494,-9.1943,3.731,-6.7964,1.3781,4.8385,-8.9083,-9.0243,4.6532,-7.1227,-9.2564,-7.0364,-8.5815,7.9322,1.0829,7.0749,-10.893,6.6847,0.15169,-0.2003,4.4523,-7.074,2.509,2.576,-6.1189,8.6008,4.1406,7.6177,-4.5938,-6.7439,0.6751,-2.6825,-3.7285,-0.015797,3.9259,3.1277,0.21297,1.3385,-0.028575,-4.5496,4.2568,-3.887,-4.9456,-7.9387,7.5889,5.358,-2.9871,-5.9479,-9.2295,6.0124,-0.90937,7.6248,-7.846,-3.3771,-1.294,-1.9247,-0.38439,4.6931,6.3593
-7.1546,-5.5513,-2.0687,-2.1133,7.6739,8.2167,4.0373,-4.0474,2.9647,0.71296,-8.2367,7.9728,-4.33,-6.1262,3.1035,-7.0588,7.4304,6.2286,-1.2055,-0.21352,8.0758,-2.9389,2.3055,-5.0199,8.8632,-2.6813,10.207,6.3375,-5.0209,5.7393,9.7164,3.999,-5.3621,8.9838,-9.083,-5.9995,0.59238,-9.083,4.9814,-6.3573,2.0832,-9.6821,-8.465,5.6015,-6.5965,2.6471,-8.4755,-2.176,2.8514,2.4761,-2.3034,3.2053,-0.54092,-6.0678,-3.3959,6.3125,0.82168,9.9672,-3.6718,6.3183,4.5279,-0.86132,9.734,1.8799,-2.039,7.5377,-5.5043,5.2508,-4.8741,-5.8111,8.4764,2.1682,-5.6565,-0.071966,6.4033,-6.0159,1.2055,-4.4554,-5.5427,2.7161,0.030754,-0.8034,9.5263,-1.6642,-6.2234,-4.3374,-0.10776,-3.986,-4.6401,6.1278,4.5528,9.3371,3.1189,-2.4173,0.18362,7.1895,-4.7121,4.82,9.967,1.6099,5.8667,0.31712,-9.5348,0.32443,-1.861,7.6446,-7.9794,-2.3419,-8.8402,1.9878,9.0783,0.46492,8.0902,4.1879,-3.0087,9.3167,-7.0544,-4.2746,9.2166,3.2877,1.0516,-1.6743,-2.5114,1.8627,-3.3242,-4.6755,0.19385,5.6778,8.3429,-9.5914,-0.64837,0.15605,3.7761,-8.7312,-8.7105,6.7393,4.6864,3.5195,-5.249,-2.7339,6.011,7.8638,-5.6088,0.4422,2.9131,3.7792,2.3632,-5.0011,-9.5278,1.9954,-5.4611,-2.0073,4.4532,0.69514,9.9592,4.6189,8.7643,-3.8716,-3.3626,5.4896,4.8172,5.2989,3.396,9.9195,5.8902,-3.8844,-5.371,5.4186,-7.3048,3.0132,-1.8072,-3.4102,4.3842,-1.2568,3.2836,3.8916,5.377,-9.9367,5.0665,-3.517,3.5204,-5.7302,-3.3927,6.2514,8.1318,-8.1482,-7.7819,-0.88266,4.7738,-3.4659,-2.8917,-6.9843,-7.6395,-1.6275,-0.70344,3.5032,6.0822,2.7666,-4.9531,6.1987
2.513,5.4855,1.1155,1.0117,5.4621,-2.37,1.5976,0.48481,-3.3305,-4.6048,-1.3073,-9.3637,-6.4979,1.0611,-9.6321,1.2974,-4.5491,-8.4761,0.030955,-8.7891,7.2184,0.35508,-7.9733,3.3604,-3.6635,-7.9758,-7.0259,1.2026,-1.167,10.16,4.1366,1.9665,-5.3948,7.7579,-6.1473,6.1087,-7.3519,-6.3152,4.4312,4.0477,-6.89,3.7101,-10.544,-4.1251,0.51076,-9.7488,8.1095,-2.8148,-2.3563,-3.2729,1.109,1.8481,5.2348,1.3717,-9.2293,-5.8974,-3.3952,-8.6926,-9.2349,2.0148,1.1241,1.3993,-0.4681,-0.31875,-1.9008,0.61134,8.5926,-0.23197,8.3852,7.7978,6.8035,0.13214,-9.6992,-9.9862,-3.3528,4.3621,2.1515,-9.6937,-3.533,5.6591,2.7605,3.2123,-5.495,-3.0258,-8.2785,4.1954,-0.42439,5.2055,-2.9869,-4.9503,-7.0746,4.6698,2.9079,-9.1165,-2.6676,-3.8974,-10.438,-3.3171,-3.7954,9.6452,3.2594,8.4393,-0.32365,2.9843,4.3679,-4.6762,-8.5791,7.2757,-3.9542,1.9276,-4.3771,-3.6184,9.5548,-2.995,-2.6279,-3.3931,5.5131,3.7517,3.2324,-2.6021,-2.5071,-5.1252,0.41479,-8.4763,-6.1239,0.14065,4.9972,-0.41674,7.9359,5.4394,-10.068,2.5381,3.0408,4.5273,3.279,1.1857,-4.1022,-6.4349,-0.95533,7.4681,-7.0941,-5.4488,2.8261,7.0204,4.3071,-7.1887,6.2834,2.1221,8.5017,-3.688,-10.637,-7.9433,9.4484,6.4389,10.154,8.9069,2.8261,6.7717,1.2975,4.7187,-4.8735,7.2331,-3.0018,8.3488,9.4125,-1.2877,1.9792,5.0567,-0.79978,-4.4754,6.5817,7.5695,-1.4964,-6.4064,9.7127,-6.6595,-7.8744,2.3367,3.6322,8.1564,5.8426,-7.2376,8.8208,4.4319,1.2674,1.4417,2.7042,4.1529,-6.8693,7.7133,-8.0607,7.1741,-0.50945,-3.5063,5.8375,-5.4356,-5.3968,-4.5721,3.5093,-6.1284
-3.5731,-9.5733,-4.4191,3.1992,2.7234,7.2969,4.3978,-0.76006,6.9959,0.35978,3.9926,2.2703,-0.8759,4.5374,-7.0899,5.7637,2.4561,3.1934,-4.5978,-8.1444,2.9903,0.30842,0.51608,-5.0809,-1.1422,-8.6357,-10.277,6.709,1.3672,-7.6345,-7.7107,5.0373,7.1778,-3.7595,7.5263,-9.0118,-8.9621,6.7338,-3.0625,-8.6641,-9.0739,-2.8074,-5.3386,6.3058,-7.6324,-4.1648,9.8309,-0.29569,-2.602,2.8466,4.7635,-3.4224,10.322,-3.8113,-4.6858,-6.6047,6.0331,-4.679,-7.2318,-8.2763,5.941,5.6085,-0.092255,-5.3549,-3.5106,9.3119,3.9584,3.1601,2.8082,5.6317,-0.11382,8.5979,-6.0359,2.9911,-8.2203,0.57092,-3.6379,6.4745,1.4824,8.9985,-5.2616,1.9293,-7.928,-5.0425,-4.1551,6.5935,-0.40955,6.0504,6.3559,-1.4109,0.22387,5.3293,3.4392,-9.4554,-1.3569,-2.0088,8.3635,-4.0318,1.2997,7.8271,-5.4489,0.74332,-5.0502,4.6932,6.9947,2.1665,3.6379,-0.93402,-6.4228,7.8753,-10.133,5.2062,-7.577,7.9033,0.55233,-9.1737,6.9562,9.0006,5.7335,-4.535,2.1867,-9.1499,-1.004,-3.1463,0.029467,-4.7117,9.5849,4.9256,9.6843,1.3803,-2.9446,-5.4762,-2.0269,9.347,-3.7383,-4.694,6.845,-7.2011,3.6498,2.2367,-3.0723,-6.5644,1.4145,10.068,-2.5012,8.3489,-3.2747,-5.8324,10.268,1.3991,-3.724,5.6473,0.14156,0.01365,-8.8744,3.8839,-1.0907,-7.0881,-7.4522,-9.0084,-9.0604,-8.851,4.2577,-8.98,-6.708,-1.7359,8.1001,-7.34,-5.0294,-7.0546,2.556,-0.85783,-4.6578,2.3288,0.90777,2.7401,-7.6224,9.0258,2.0025,4.7406,-4.0304,8.4682,-2.4743,-5.6111,-1.3831,3.9486,5.8951,-6.1571,-8.936,5.0117,8.381,6.2634,0.088943,-0.6749,-4.0122,-7.4274,-5.906,-0.5228,8.5638,-9.6434
-4.4657,0.3098,-9.0132,-0.15742,3.4117,2.6851,3.471,9.2465,7.8974,4.9101,5.9342,10.052,5.9489,3.8233,3.0411,10.167,-2.1385,-8.5709,-1.4685,0.92626,7.4542,-2.9891,-0.018519,-2.9147,2.1144,-4.8249,2.8832,9.2671,4.4713,-8.4454,-5.6034,-7.3086,10.269,0.87721,2.8305,1.2211,-1.2281,-6.7635,-0.12936,2.9764,8.3985,4.3853,1.688,4.3834,0.91523,5.9486,7.6028,-1.5667,-5.5813,-3.6717,-0.67342,5.3422,10.077,7.0115,3.1333,-9.729,6.0255,1.1789,1.6854,-2.6584,3.0261,6.0397,-5.8798,-3.4575,2.5907,0.069849,9.7193,7.7062,1.0144,-9.252,0.91343,-4.0791,0.29857,-2.9995,2.9358,1.1634,-3.9175,3.6929,-2.2309,5.1394,4.4415,6.1365,-5.991,-4.8355,7.9774,0.068003,0.81311,1.4715,10.334,1.2866,1.5371,-1.707,-3.3674,7.5892,7.4038,3.3999,-5.3105,-1.4014,-8.7784,-6.8164,3.3506,-3.4708,1.3535,6.953,-3.3302,7.0179,9.0537,-6.9032,7.5412,8.3621,-4.7764,1.1424,7.748,-8.9295,8.2287,-4.4664,-9.339,0.60891,5.9662,-6.0976,-0.47519,5.8157,-9.5807,-3.6182,7.5547,6.7159,2.9004,-2.2341,9.8043,-1.1477,2.5507,-2.4007,0.27014,5.3911,7.9271,0.64321,-5.4039,-1.6605,-3.1928,6.3626,1.017,-3.042,5.0011,5.8058,1.073,10.045,-4.5222,-8.442,-1.4805,-3.149,-0.8032,-1.2906,-4.9383,-3.4163,-3.8,2.1881,2.9114,3.9548,-9.1291,-3.1876,3.1391,-5.2213,2.9026,-9.7161,5.3886,3.5567,1.3242,7.9749,4.1186,-9.2145,0.50055,0.83387,-3.5624,-9.9127,-1.5871,8.33,-8.1613,3.6315,0.30119,-3.5203,-6.1564,-5.1876,-3.8635,6.6662,1.2965,-7.3472,5.3032,-6.9126,-9.2433,-1.0418,3.2594,0.53078,-6.7466,7.1236,-2.7182,5.5415,-4.2465,5.3405,-9.2997,5.849
6.6427,-1.3234,3.939,2.4247,-1.8914,-3.3854,7.4696,1.4459,-5.9171,9.4393,6.4427,-5.2599,3.6075,2.5537,7.9962,3.0917,8.6731,1.1615,-5.8156,-0.91877,-8.0876,-3.3741,0.59334,-0.34458,4.6938,4.2088,-0.39168,-0.054344,2.1702,-10.69,1.0812,6.8343,-8.4547,-4.4534,-8.1402,4.4803,1.695,-1.9683,-8.1103,-0.16613,2.5161,5.549,9.8911,9.5843,1.9421,0.6294,0.63068,-8.0414,1.1719,-1.0351,-3.6849,9.6835,10.619,-5.4238,0.04876,-2.6075,5.1196,6.5477,-0.40106,-0.67878,1.3306,6.7794,-6.5727,-3.3988,3.4803,-3.6592,-7.8121,-0.82513,-0.5831,3.1142,0.61312,-2.5951,-8.5823,-9.4853,-6.4425,4.9649,8.8132,-5.897,-5.4815,-6.3667,-6.3132,-8.3684,2.7738,8.818,8.1372,-3.8177,-4.9967,1.6202,2.7371,-2.8798,-4.9235,-9.1022,-6.4667,-1.213,-4.7455,0.25336,7.5176,-8.2531,3.6031,-8.0749,-5.2027,0.8292,2.3657,6.1992,7.3297,4.4021,-4.4605,-10.697,4.4872,4.7354,6.1243,0.72762,-4.0487,-8.7753,-1.7947,9.0211,5.9254,-6.5787,-9.51,7.0528,-5.8898,1.0351,-8.167,-4.5238,4.8177,1.8268,-0.038045,2.8911,-1.207,7.8226,0.66583,-4.337,-6.2668,6.0071,7.2389,-7.5599,3.7967,-0.35144,-6.0671,6.2278,-0.49766,7.0158,-3.9534,2.6767,-0.92847,7.704,1.0103,-1.9591,0.34505,-1.6031,1.6377,-7.5586,-4.1593,-5.9581,-8.9366,-1.2819,-2.775,-6.3606,-9.7743,-7.6037,-3.8284,5.1932,-6.1267,1.9648,8.7605,-2.3451,8.3686,-3.8225,3.5296,-8.1297,-8.0844,-4.84,9.195,-5.5003,0.8131,-7.4966,6.1388,5.9921,-5.109,6.8225,0.5043,1.9342,-3.3255,9.039,9.1584,6.2581,-1.3756,-8.7968,7.9591,5.8858,2.417,-3.8859,-8.11,-1.4868,-9.9242,-9.3917,1.9764,-8.3878,-7.6272,7.0588
-4.0396,-1.0106,6.9082,6.6179,-2.1209,-9.2344,3.0242,-8.8388,5.6243,6.4018,-8.2191,-6.9187,-0.54418,2.8275,-5.4371,4.5073,2.1967,8.6612,-3.1568,1.8346,-5.2542,6.2251,-0.49339,2.838,4.6567,-2.8059,8.4,-3.3321,-1.1952,-0.97562,3.1929,-5.7162,7.5934,-9.3216,3.9357,-6.147,2.7196,2.8374,-1.3997,3.9538,-6.8604,-5.7662,4.7568,-4.3207,6.9579,-3.647,3.7878,-3.5628,4.7636,3.2679,-5.2088,-3.7014,9.9504,4.081,-7.8963,-6.4074,-1.3455,2.6049,6.1195,-4.1905,-7.4685,6.3214,-5.2153,-8.4489,-5.7851,-1.6812,8.6143,2.3483,-0.076582,-7.8619,-2.3071,8.6863,7.9778,-2.6842,2.1967,-5.4103,-2.1629,6.0924,7.114,7.3253,5.4857,5.5827,5.3459,-7.0135,2.1085,8.7926,-3.8663,-7.5951,-3.1761,3.6445,0.061174,-4.7483,-9.9381,6.6985,-1.9598,-1.3119,-5.9041,-1.2116,-3.3565,-4.2635,1.7305,-3.3791,-9.5167,-1.9987,-7.0134,-7.8928,-4.7542,-9.3595,6.7325,4.654,-0.72727,5.5674,8.7178,0.19113,6.024,5.3639,7.4678,-4.447,1.5094,-2.3965,3.0567,0.70938,-0.059957,-7.4849,-0.45806,9.6601,3.5143,-4.7071,-10.078,-8.9396,-8.6005,4.0061,1.0839,4.762,-5.494,-2.7473,7.7101,4.3216,-6.9951,2.4574,7.4799,-6.8609,4.6907,-0.55493,-8.1339,2.7112,-0.40772,-3.2033,-0.071753,-1.1378,1.301,1.9372,0.54688,-8.4614,-9.6721,-6.0493,-1.2527,5.2569,-7.5284,-6.2969,-6.2696,9.0836,-3.6466,2.1695,6.4048,4.75,8.886,-0.62751,0.18192,0.22423,0.42088,1.4934,6.1955,0.49803,-3.8161,4.5012,-8.6811,-7.2479,3.8374,-9.3313,8.0341,-1.1768,-6.3143,0.42265,4.3608,3.6079,0.2822,-10.432,7.1984,9.9213,-7.5065,7.1813,4.8639,4.4767,4.199,-8.5949,-8.5739,-1.583,1.3441,2.0753
2.7778,9.1359,3.6871,9.7274,-0.10566,-4.3798,-6.1962,-7.9719,2.7656,-0.0090902,-10.379,3.8318,-1.0375,8.3445,2.6815,9.0356,8.71,5.6572,5.7219,-0.66623,-6.7423,-7.0396,0.93478,-0.29689,-3.9881,3.4075,5.2071,-6.6168,-10.132,5.5006,8.2543,6.3691,7.2088,-3.4472,-9.3943,-6.5142,9.943,-3.8825,-4.0488,-5.3313,-4.3713,2.8141,-1.1333,-7.842,6.0502,-10.188,-3.1322,2.3239,10.213,5.0606,1.5844,-5.7092,9.5925,-5.2521,-0.1787,8.9432,8.0055,2.4468,8.311,6.5412,0.77036,4.9245,-5.8188,5.4789,-0.36182,0.32254,-4.9611,-5.2634,-7.6131,-7.8245,5.278,8.9681,10.611,-2.0381,-4.1922,7.3638,-3.3814,7.8525,5.5076,2.8212,5.0916,0.066554,9.061,-4.6638,9.1406,-4.7307,2.3096,5.5506,3.512,-8.2093,-7.7481,-2.6387,-9.5465,-7.5179,3.3689,0.0204,-4.8801,5.6978,-8.6628,-7.0396,7.2873,-0.99177,7.6863,-6.5519,-3.9403,4.7412,-3.1496,4.8008,8.7086,-6.5377,5.4605,5.2395,4.0336,8.0844,4.0771,6.5428,5.4417,6.7597,-3.291,-8.2134,6.7747,-0.28705,0.7785,9.1322,6.6895,7.1247,0.52134,-0.0016471,5.6658,1.9441,4.6078,-0.1887,-7.9956,-1.2423,-4.2392,5.2035,0.47328,0.043613,8.2557,-9.2763,-8.7708,-8.8819,-8.1519,2.8371,-9.8777,-2.3967,0.8155,5.7123,8.6364,-7.6431,-0.63079,4.5542,-3.0932,6.1131,6.61,0.34116,4.1873,4.0013,5.3072,-0.22246,-4.1932,-7.2825,-5.6199,5.9309,-8.1142,2.8528,8.9042,-0.67816,2.6771,-0.48059,-8.5016,2.3547,-1.4014,-5.6604,1.7651,-4.757,-0.94307,7.7612,-2.5616,0.11919,4.6903,-7.737,-0.22333,-5.3205,-4.9112,-7.2802,-0.83843,-0.31879,-7.7033,-3.2569,-3.9458,2.3667,3.8032,3.3475,1.1266,-5.0414,8.215,6.1156,-8.6693,5.9819
-6.804,3.3483,-3.9166,6.071,-2.7699,-2.2423,-3.9611,5.5021,8.1661,3.4868,5.4822,-6.047,1.9033,1.9766,-8.2781,6.3771,8.4106,10.357,-5.3223,1.8106,1.2587,3.3492,-8.7964,1.2959,-2.204,1.6463,6.8147,-0.14381,2.5788,4.0597,2.1253,-5.6445,7.3087,6.9998,-2.172,-5.9322,0.66897,3.1447,9.2287,-0.50448,-5.0948,4.6141,6.4675,1.2926,-0.19933,-3.6081,6.9858,-6.7714,4.2976,-6.1,-3.0017,-3.2124,4.6798,-6.35,-6.8454,-2.038,2.8126,3.4309,-1.1574,-2.7217,-4.0304,10.257,-8.8991,-6.181,-6.8177,-7.9148,7.6948,5.8055,0.78279,-6.038,-6.4655,-4.0182,-1.3679,4.8828,-8.6564,-6.9669,-9.1502,-0.93208,1.3436,5.4779,7.3971,-4.7638,0.4293,-9.4683,0.13223,-3.7782,0.51942,4.0885,10.153,4.7431,1.742,-5.4884,-2.1273,-3.8723,5.7882,-0.9249,-8.0628,-9.3777,-6.6382,-9.4149,7.5737,4.6802,3.0901,5.397,9.2197,-2.7081,3.8805,1.6521,9.1655,-0.8257,9.1332,5.8969,5.1914,3.3303,3.5597,-8.6276,-8.7477,9.2311,-7.3523,-4.8938,7.082,-2.2957,4.8019,3.5136,-5.1653,9.6654,4.8581,-4.3009,4.3798,8.1566,0.1582,3.9116,-1.8115,-3.7015,-3.2103,-9.0975,-0.99307,4.1943,-9.1358,-6.9333,3.0259,2.0602,-9.1554,-7.0226,5.1093,3.1338,7.7323,-4.0553,10.125,3.6625,-2.6336,5.6967,-7.0675,3.5006,6.0165,-6.1012,3.343,-2.0414,-4.4442,0.0042134,2.2994,-3.7192,5.0647,-8.9601,-5.2862,-3.1638,-3.5196,2.8326,1.3462,8.0875,-2.3165,6.857,-2.8804,-4.3127,2.711,4.5539,5.3896,-0.67067,-2.0315,1.5573,-5.9698,-4.1313,0.69654,-8.2422,6.3154,8.6481,-3.0295,-9.3885,-0.98597,3.5448,7.7199,-2.6871,-6.6867,-4.2107,2.3581,-1.7736,-3.2868,4.1775,-3.5176,-5.2382
-3.5749,-7.9232,-6.5364,-5.7443,-7.5305,-2.33,-8.2204,3.2501,-7.6585,6.9428,-2.5705,9.1421,-1.5406,7.1815,-6.9491,-8.6995,-6.6134,0.076854,5.0356,7.0338,9.6075,3.7885,-10.257,-5.699,-6.7765,-9.1385,-6.259,0.65832,7.7395,-7.4702,-9.0381,6.41,1.2246,-8.7693,-6.9786,-2.7554,-6.437,-9.3793,8.3552,-7.4039,-9.747,-8.9575,9.9249,-3.0793,-2.0069,-2.4631,1.2922,2.6883,-9.6549,9.279,0.54528,8.4125,-3.2111,-2.4036,-8.0019,6.6593,5.3952,-0.17893,-9.6745,6.3825,-5.1132,0.91408,-1.4641,-7.4943,2.069,-3.1103,2.3432,-0.099602,-1.3724,0.12876,1.274,5.5539,5.0574,-5.4583,-2.3822,-0.87737,2.5721,-9.8074,4.1677,-4.2252,2.2562,-9.2908,-3.5673,-4.0458,2.3015,0.30361,7.4238,-1.9568,-6.9735,8.3035,5.2603,-0.88581,-2.8031,-10.126,-5.4864,4.0153,8.0136,-3.7771,1.9225,-8.2069,-1.1237,-2.0687,-5.0002,-0.39408,0.53409,2.4959,2.742,-8.2878,0.83895,7.0387,1.7221,6.9784,-7.882,6.8978,-2.7792,-7.9758,-0.25225,-2.9838,5.3317,-8.4834,9.9756,-4.5362,9.513,0.17491,8.1037,1.8079,3.8249,2.8412,-6.8009,0.31518,-3.988,-1.3417,-9.9428,-2.0637,8.838,8.9434,-4.46,-5.1115,2.478,8.1169,5.6387,0.52697,2.1528,-5.5103,4.8147,1.6518,-1.1165,2.982,-0.051738,7.8534,-0.71427,-4.934,6.2555,10.088,8.7587,6.0023,2.6658,-1.9029,0.9992,0.72667,4.5489,-6.5144,4.6538,0.79953,-5.4279,-6.3088,2.9219,8.6201,3.5322,5.7523,2.5368,-4.2836,3.0372,5.5491,0.63619,4.6011,1.2343,-6.4163,2.898,8.8523,1.3838,8.033,-8.7444,-4.0911,-1.679,-6.2965,4.4379,5.3175,-7.3254,7.7946,3.0886,-9.2607,8.2939,9.1927,2.4709,7.5343,-3.3852,0.20711,-9.7784,-8.2507
